#{"t_start": 1781144250.7573416, "env_id": "HandManipulateBlockRotateZ-v1"}
r,l,t,is_success
-100.0,100,0.999148,0.0
-99.0,100,1.110113,0.0
-100.0,100,1.217937,0.0
-100.0,100,1.327173,0.0
-100.0,100,1.435788,0.0
-100.0,100,1.547722,0.0
-100.0,100,1.662045,0.0
-100.0,100,1.769358,0.0
-100.0,100,1.877722,0.0
-100.0,100,1.983077,0.0
-100.0,100,2.092123,0.0
-100.0,100,2.205417,0.0
-100.0,100,2.309165,0.0
-100.0,100,2.413734,0.0
-100.0,100,2.52085,0.0
-100.0,100,2.627776,0.0
-100.0,100,2.735605,0.0
-98.0,100,2.841443,0.0
-100.0,100,2.949047,0.0
-100.0,100,3.056575,0.0
-100.0,100,3.166742,0.0
-100.0,100,3.281458,0.0
-100.0,100,3.391721,0.0
-100.0,100,3.499461,0.0
-100.0,100,3.608597,0.0
-100.0,100,3.715251,0.0
-100.0,100,3.820967,0.0
-100.0,100,3.929336,0.0
-100.0,100,4.038003,0.0
-87.0,100,4.144354,0.0
-100.0,100,4.253565,0.0
-100.0,100,4.359987,0.0
-100.0,100,4.467915,0.0
-100.0,100,4.575262,0.0
-100.0,100,4.681854,0.0
-100.0,100,4.787608,0.0
-100.0,100,4.894712,0.0
-100.0,100,4.998477,0.0
-100.0,100,5.103414,0.0
-100.0,100,5.20857,0.0
-100.0,100,5.314794,0.0
-100.0,100,5.421116,0.0
-100.0,100,5.526168,0.0
-100.0,100,5.632891,0.0
-100.0,100,5.737042,0.0
-100.0,100,5.844313,0.0
-100.0,100,5.949463,0.0
-100.0,100,6.056988,0.0
-100.0,100,6.161727,0.0
-100.0,100,6.267479,0.0
-100.0,100,7.061027,0.0
-100.0,100,7.70409,0.0
-100.0,100,8.324695,0.0
-100.0,100,8.96125,0.0
-100.0,100,9.608603,0.0
-100.0,100,10.256816,0.0
-100.0,100,10.909756,0.0
-100.0,100,11.55478,0.0
-100.0,100,12.183926,0.0
-100.0,100,12.865263,0.0
-100.0,100,13.602984,0.0
-100.0,100,14.316155,0.0
-100.0,100,15.032573,0.0
-100.0,100,15.786532,0.0
-100.0,100,16.496124,0.0
-100.0,100,17.198846,0.0
-100.0,100,17.926698,0.0
-100.0,100,18.626899,0.0
-100.0,100,19.284542,0.0
-100.0,100,19.920164,0.0
-100.0,100,20.579675,0.0
-99.0,100,21.217881,0.0
-100.0,100,21.871566,0.0
-100.0,100,22.525962,0.0
-100.0,100,23.175897,0.0
-100.0,100,23.861645,0.0
-100.0,100,24.534933,0.0
-100.0,100,25.330929,0.0
-100.0,100,26.014891,0.0
-100.0,100,26.698398,0.0
-100.0,100,27.335699,0.0
-100.0,100,27.993071,0.0
-100.0,100,28.626948,0.0
-100.0,100,29.307991,0.0
-100.0,100,29.946244,0.0
-99.0,100,30.607558,0.0
-100.0,100,31.261904,0.0
-100.0,100,31.95338,0.0
-100.0,100,32.610486,0.0
-100.0,100,33.292447,0.0
-100.0,100,34.005315,0.0
-100.0,100,34.675434,0.0
-100.0,100,35.309683,0.0
-100.0,100,35.954901,0.0
-100.0,100,36.590452,0.0
-100.0,100,37.238237,0.0
-100.0,100,37.939981,0.0
-97.0,100,38.672202,0.0
-100.0,100,39.348077,0.0
-100.0,100,40.072061,0.0
-100.0,100,42.096001,0.0
-100.0,100,42.731975,0.0
-100.0,100,43.368114,0.0
-100.0,100,44.020225,0.0
-100.0,100,44.667263,0.0
-100.0,100,45.292653,0.0
-100.0,100,45.932503,0.0
-100.0,100,46.607088,0.0
-100.0,100,47.265214,0.0
-100.0,100,47.909389,0.0
-100.0,100,48.585819,0.0
-100.0,100,49.22239,0.0
-100.0,100,49.863101,0.0
-100.0,100,50.501624,0.0
-100.0,100,51.146833,0.0
-100.0,100,51.793566,0.0
-100.0,100,52.427345,0.0
-92.0,100,53.12123,0.0
-100.0,100,53.75696,0.0
-100.0,100,54.445951,0.0
-100.0,100,55.126434,0.0
-81.0,100,55.784884,0.0
-100.0,100,56.439284,0.0
-100.0,100,57.089336,0.0
-100.0,100,57.765626,0.0
-100.0,100,58.423779,0.0
-100.0,100,59.070906,0.0
-100.0,100,59.708156,0.0
-100.0,100,60.377071,0.0
-100.0,100,61.084594,0.0
-100.0,100,61.735988,0.0
-100.0,100,62.388305,0.0
-100.0,100,63.033579,0.0
-100.0,100,63.689321,0.0
-100.0,100,64.391457,0.0
-100.0,100,65.074023,0.0
-100.0,100,65.692421,0.0
-100.0,100,66.410661,0.0
-100.0,100,67.060034,0.0
-100.0,100,67.738182,0.0
-100.0,100,68.408576,0.0
-100.0,100,69.066923,0.0
-100.0,100,69.708524,0.0
-100.0,100,70.348758,0.0
-100.0,100,70.976107,0.0
-100.0,100,71.616884,0.0
-100.0,100,72.263975,0.0
-100.0,100,72.895501,0.0
-100.0,100,73.52489,0.0
-100.0,100,74.194489,0.0
-100.0,100,74.860484,0.0
-100.0,100,75.507928,0.0
-100.0,100,76.164973,0.0
-100.0,100,76.827258,0.0
-100.0,100,77.468939,0.0
-100.0,100,78.141868,0.0
-100.0,100,78.812933,0.0
-100.0,100,79.451069,0.0
-100.0,100,80.099093,0.0
-100.0,100,80.794404,0.0
-100.0,100,81.453661,0.0
-100.0,100,82.089683,0.0
-100.0,100,82.746195,0.0
-100.0,100,83.391631,0.0
-100.0,100,84.038097,0.0
-94.0,100,84.682718,0.0
-100.0,100,85.324523,0.0
-100.0,100,85.955871,0.0
-100.0,100,86.613693,0.0
-100.0,100,87.268792,0.0
-97.0,100,87.910693,0.0
-100.0,100,88.567862,0.0
-100.0,100,89.208604,0.0
-100.0,100,89.868141,0.0
-100.0,100,90.495149,0.0
-100.0,100,91.226047,0.0
-100.0,100,91.955168,0.0
-100.0,100,92.676931,0.0
-100.0,100,93.320512,0.0
-100.0,100,93.966289,0.0
-100.0,100,94.70141,0.0
-100.0,100,95.419935,0.0
-100.0,100,96.078598,0.0
-100.0,100,96.703947,0.0
-100.0,100,97.352314,0.0
-100.0,100,97.982199,0.0
-100.0,100,98.606037,0.0
-100.0,100,99.263044,0.0
-100.0,100,99.922056,0.0
-100.0,100,100.556233,0.0
-100.0,100,101.185497,0.0
-100.0,100,101.812427,0.0
-100.0,100,102.46505,0.0
-100.0,100,103.114679,0.0
-100.0,100,103.769349,0.0
-100.0,100,104.387946,0.0
-100.0,100,105.036089,0.0
-100.0,100,105.671726,0.0
-100.0,100,106.306849,0.0
-100.0,100,106.946532,0.0
-100.0,100,108.858705,0.0
-100.0,100,109.486244,0.0
-100.0,100,110.101383,0.0
-100.0,100,110.715161,0.0
-100.0,100,111.361787,0.0
-100.0,100,112.003055,0.0
-100.0,100,112.637147,0.0
-100.0,100,113.264039,0.0
-100.0,100,113.912949,0.0
-100.0,100,114.551543,0.0
-100.0,100,115.200028,0.0
-100.0,100,115.833421,0.0
-100.0,100,116.530258,0.0
-100.0,100,117.193111,0.0
-100.0,100,117.871226,0.0
-100.0,100,118.523713,0.0
-100.0,100,119.180855,0.0
-100.0,100,119.843635,0.0
-100.0,100,120.488148,0.0
-100.0,100,121.099826,0.0
-100.0,100,121.774331,0.0
-100.0,100,122.441647,0.0
-100.0,100,123.101246,0.0
-100.0,100,123.758006,0.0
-100.0,100,124.409102,0.0
-100.0,100,125.070671,0.0
-100.0,100,125.723053,0.0
-100.0,100,126.401839,0.0
-100.0,100,127.05539,0.0
-100.0,100,127.723779,0.0
-100.0,100,128.422725,0.0
-100.0,100,129.078752,0.0
-100.0,100,129.727121,0.0
-100.0,100,130.371229,0.0
-100.0,100,131.107295,0.0
-100.0,100,131.758351,0.0
-100.0,100,132.413494,0.0
-100.0,100,133.058641,0.0
-100.0,100,133.690358,0.0
-100.0,100,134.328512,0.0
-100.0,100,134.967762,0.0
-100.0,100,135.604215,0.0
-100.0,100,136.258108,0.0
-100.0,100,136.895835,0.0
-100.0,100,137.543272,0.0
-100.0,100,138.177621,0.0
-100.0,100,138.827423,0.0
-100.0,100,139.478397,0.0
-100.0,100,140.119378,0.0
-100.0,100,140.769523,0.0
-100.0,100,141.418036,0.0
-100.0,100,142.102245,0.0
-100.0,100,142.792773,0.0
-100.0,100,143.51347,0.0
-100.0,100,144.221707,0.0
-100.0,100,144.86541,0.0
-100.0,100,145.491119,0.0
-100.0,100,146.151651,0.0
-100.0,100,146.791422,0.0
-100.0,100,147.432541,0.0
-100.0,100,148.071341,0.0
-100.0,100,148.770385,0.0
-100.0,100,149.473518,0.0
-100.0,100,150.114178,0.0
-100.0,100,150.76314,0.0
-100.0,100,151.380111,0.0
-100.0,100,152.035104,0.0
-100.0,100,152.674662,0.0
-100.0,100,153.329746,0.0
-100.0,100,153.97227,0.0
-100.0,100,154.621276,0.0
-100.0,100,155.274497,0.0
-100.0,100,155.914305,0.0
-100.0,100,156.564861,0.0
-100.0,100,157.210958,0.0
-100.0,100,157.859922,0.0
-100.0,100,158.534303,0.0
-100.0,100,159.181191,0.0
-100.0,100,159.840279,0.0
-100.0,100,160.492692,0.0
-100.0,100,161.155476,0.0
-100.0,100,161.807804,0.0
-100.0,100,162.458472,0.0
-100.0,100,163.11248,0.0
-100.0,100,163.769049,0.0
-100.0,100,164.411704,0.0
-100.0,100,165.056501,0.0
-100.0,100,165.702339,0.0
-100.0,100,166.339149,0.0
-100.0,100,166.982531,0.0
-100.0,100,167.632022,0.0
-100.0,100,168.280507,0.0
-100.0,100,168.932496,0.0
-100.0,100,169.584985,0.0
-100.0,100,170.232869,0.0
-99.0,100,170.96215,0.0
-100.0,100,171.644518,0.0
-100.0,100,172.270251,0.0
-100.0,100,172.948801,0.0
-87.0,100,173.763187,0.0
-100.0,100,175.863794,0.0
-100.0,100,176.536191,0.0
-100.0,100,177.17257,0.0
-100.0,100,177.791469,0.0
-100.0,100,178.422552,0.0
-100.0,100,179.058622,0.0
-100.0,100,179.708284,0.0
-100.0,100,180.33865,0.0
-100.0,100,180.981998,0.0
-100.0,100,181.634113,0.0
-100.0,100,182.280381,0.0
-100.0,100,182.939485,0.0
-100.0,100,183.597847,0.0
-100.0,100,184.246229,0.0
-97.0,100,184.904198,0.0
-100.0,100,185.548224,0.0
-76.0,100,186.227893,0.0
-100.0,100,186.928412,0.0
-100.0,100,187.69098,0.0
-100.0,100,188.410524,0.0
-100.0,100,189.091616,0.0
-100.0,100,189.783198,0.0
-100.0,100,190.452465,0.0
-100.0,100,191.15425,0.0
-100.0,100,191.802267,0.0
-100.0,100,192.492963,0.0
-100.0,100,193.158492,0.0
-100.0,100,193.801047,0.0
-100.0,100,194.475533,0.0
-100.0,100,195.232792,0.0
-100.0,100,196.02189,0.0
-100.0,100,196.734371,0.0
-100.0,100,197.419157,0.0
-100.0,100,198.126515,0.0
-100.0,100,198.856645,0.0
-100.0,100,199.585541,0.0
-100.0,100,200.334804,0.0
-100.0,100,201.006641,0.0
-100.0,100,201.652436,0.0
-100.0,100,202.304141,0.0
-100.0,100,202.970594,0.0
-100.0,100,203.67005,0.0
-100.0,100,204.350364,0.0
-100.0,100,205.038399,0.0
-100.0,100,205.839313,0.0
-100.0,100,206.546373,0.0
-100.0,100,207.211311,0.0
-100.0,100,207.918025,0.0
-100.0,100,208.651804,0.0
-100.0,100,209.373005,0.0
-100.0,100,210.043923,0.0
-100.0,100,210.713963,0.0
-100.0,100,211.365171,0.0
-100.0,100,211.982388,0.0
-48.0,100,212.620106,0.0
-100.0,100,213.258929,0.0
-100.0,100,213.894789,0.0
-100.0,100,214.539692,0.0
-100.0,100,215.147795,0.0
-100.0,100,215.772919,0.0
-100.0,100,216.412254,0.0
-100.0,100,217.054142,0.0
-91.0,100,217.706237,1.0
-86.0,100,218.373989,0.0
-100.0,100,219.036794,0.0
-100.0,100,219.705904,0.0
-100.0,100,220.363293,0.0
-100.0,100,221.102368,0.0
-100.0,100,221.762761,0.0
-100.0,100,222.41173,0.0
-100.0,100,223.0667,0.0
-100.0,100,223.700916,0.0
-100.0,100,224.368091,0.0
-100.0,100,225.012438,0.0
-100.0,100,225.646546,0.0
-100.0,100,226.25747,0.0
-94.0,100,226.90852,0.0
-100.0,100,227.564144,0.0
-100.0,100,228.1981,0.0
-100.0,100,228.851798,0.0
-100.0,100,229.508977,0.0
-100.0,100,230.120641,0.0
-100.0,100,230.791529,0.0
-100.0,100,231.429896,0.0
-100.0,100,232.122446,0.0
-100.0,100,232.763462,0.0
-100.0,100,233.41308,0.0
-100.0,100,234.072751,0.0
-100.0,100,234.713625,0.0
-100.0,100,235.362177,0.0
-100.0,100,236.003117,0.0
-100.0,100,236.645488,0.0
-100.0,100,237.31477,0.0
-100.0,100,237.961503,0.0
-100.0,100,238.702048,0.0
-100.0,100,239.442533,0.0
-100.0,100,240.098743,0.0
-100.0,100,240.729451,0.0
-100.0,100,241.37852,0.0
-100.0,100,242.005812,0.0
-100.0,100,244.084121,0.0
-100.0,100,244.738027,0.0
-100.0,100,245.400273,0.0
-98.0,100,246.037397,0.0
-100.0,100,246.687319,0.0
-100.0,100,247.349114,0.0
-100.0,100,248.00509,0.0
-57.0,100,248.666367,0.0
-100.0,100,249.302344,0.0
-100.0,100,249.961112,0.0
-100.0,100,250.605139,0.0
-100.0,100,251.232157,0.0
-100.0,100,251.873725,0.0
-100.0,100,252.603758,0.0
-100.0,100,253.271218,0.0
-100.0,100,253.937538,0.0
-100.0,100,254.590503,0.0
-53.0,100,255.262855,0.0
-100.0,100,255.920261,0.0
-85.0,100,256.620705,0.0
-100.0,100,257.307298,0.0
-100.0,100,257.947558,0.0
-100.0,100,258.614085,0.0
-100.0,100,259.26589,0.0
-100.0,100,259.913296,0.0
-100.0,100,260.550658,0.0
-100.0,100,261.228281,0.0
-100.0,100,261.827827,0.0
-100.0,100,262.476208,0.0
-100.0,100,263.121309,0.0
-100.0,100,263.804226,0.0
-100.0,100,264.487796,0.0
-100.0,100,265.175408,0.0
-100.0,100,265.872076,0.0
-100.0,100,266.501052,0.0
-100.0,100,267.13688,0.0
-100.0,100,267.769355,0.0
-100.0,100,268.418929,0.0
-100.0,100,269.071063,0.0
-100.0,100,269.722725,0.0
-100.0,100,270.349033,0.0
-32.0,100,271.010842,1.0
-100.0,100,271.663899,0.0
-100.0,100,272.286459,0.0
-100.0,100,272.930161,0.0
-100.0,100,273.580836,0.0
-100.0,100,274.192848,0.0
-100.0,100,274.875167,0.0
-100.0,100,275.578595,0.0
-100.0,100,276.274564,0.0
-100.0,100,277.051574,0.0
-100.0,100,277.714353,0.0
-100.0,100,278.344495,0.0
-100.0,100,278.994674,0.0
-100.0,100,279.655399,0.0
-100.0,100,280.300954,0.0
-100.0,100,280.922492,0.0
-100.0,100,281.546528,0.0
-100.0,100,282.176103,0.0
-100.0,100,282.79784,0.0
-100.0,100,283.429533,0.0
-100.0,100,284.117998,0.0
-100.0,100,284.764387,0.0
-100.0,100,285.421052,0.0
-100.0,100,286.084095,0.0
-100.0,100,286.737555,0.0
-100.0,100,287.385668,0.0
-100.0,100,287.997636,0.0
-100.0,100,288.652708,0.0
-100.0,100,289.312869,0.0
-100.0,100,289.964247,0.0
-100.0,100,290.620514,0.0
-100.0,100,291.259982,0.0
-100.0,100,291.921864,0.0
-100.0,100,292.602648,0.0
-100.0,100,293.235939,0.0
-100.0,100,293.885403,0.0
-100.0,100,294.516635,0.0
-100.0,100,295.14625,0.0
-100.0,100,295.782211,0.0
-100.0,100,296.42712,0.0
-100.0,100,297.123896,0.0
-100.0,100,297.862292,0.0
-100.0,100,298.522523,0.0
-100.0,100,299.141715,0.0
-100.0,100,299.791541,0.0
-100.0,100,300.43259,0.0
-100.0,100,301.104297,0.0
-100.0,100,301.733082,0.0
-100.0,100,302.36792,0.0
-100.0,100,303.017818,0.0
-100.0,100,303.725579,0.0
-100.0,100,304.398108,0.0
-41.0,100,305.064446,1.0
-100.0,100,305.668806,0.0
-100.0,100,306.302284,0.0
-100.0,100,306.928637,0.0
-100.0,100,307.528739,0.0
-100.0,100,308.113313,0.0
-100.0,100,308.732869,0.0
-100.0,100,310.726304,0.0
-100.0,100,311.332146,0.0
-100.0,100,311.940484,0.0
-93.0,100,312.575987,0.0
-100.0,100,313.222016,0.0
-100.0,100,313.84188,0.0
-100.0,100,314.472007,0.0
-100.0,100,315.156951,0.0
-100.0,100,315.88012,0.0
-100.0,100,316.552512,0.0
-100.0,100,317.1891,0.0
-100.0,100,317.825977,0.0
-100.0,100,318.479053,0.0
-100.0,100,319.133091,0.0
-100.0,100,319.795106,0.0
-100.0,100,320.537124,0.0
-100.0,100,321.234701,0.0
-100.0,100,321.888323,0.0
-100.0,100,322.524895,0.0
-100.0,100,323.176585,0.0
-100.0,100,323.835611,0.0
-100.0,100,324.498159,0.0
-100.0,100,325.146917,0.0
-100.0,100,325.801822,0.0
-100.0,100,326.43531,0.0
-100.0,100,327.103565,0.0
-100.0,100,327.722705,0.0
-100.0,100,328.363885,0.0
-100.0,100,329.005355,0.0
-100.0,100,329.62747,0.0
-100.0,100,330.280906,0.0
-100.0,100,330.931262,0.0
-100.0,100,331.582027,0.0
-100.0,100,332.238294,0.0
-100.0,100,332.869372,0.0
-100.0,100,333.531568,0.0
-100.0,100,334.165842,0.0
-100.0,100,334.817095,0.0
-100.0,100,335.453993,0.0
-100.0,100,336.085919,0.0
-100.0,100,336.711453,0.0
-100.0,100,337.35807,0.0
-37.0,100,337.990432,0.0
-100.0,100,338.61639,0.0
-100.0,100,339.264705,0.0
-100.0,100,339.922591,0.0
-100.0,100,340.58297,0.0
-100.0,100,341.28299,0.0
-100.0,100,341.961627,0.0
-100.0,100,342.610074,0.0
-100.0,100,343.256922,0.0
-100.0,100,343.897511,0.0
-100.0,100,344.542725,0.0
-100.0,100,345.19571,0.0
-100.0,100,345.930764,0.0
-100.0,100,346.56935,0.0
-100.0,100,347.221169,0.0
-100.0,100,347.864443,0.0
-100.0,100,348.516028,0.0
-100.0,100,349.164821,0.0
-100.0,100,349.801596,0.0
-100.0,100,350.437843,0.0
-38.0,100,351.087299,1.0
-100.0,100,351.742009,0.0
-100.0,100,352.513353,0.0
-100.0,100,353.194768,0.0
-100.0,100,353.846256,0.0
-100.0,100,354.485512,0.0
-100.0,100,355.147151,0.0
-100.0,100,355.782157,0.0
-24.0,100,356.424245,1.0
-100.0,100,357.071142,0.0
-100.0,100,357.716649,0.0
-100.0,100,358.473899,0.0
-100.0,100,359.116138,0.0
-100.0,100,359.756059,0.0
-100.0,100,360.408447,0.0
-100.0,100,361.05281,0.0
-100.0,100,361.686249,0.0
-100.0,100,362.351691,0.0
-100.0,100,363.000428,0.0
-100.0,100,363.643846,0.0
-100.0,100,364.307963,0.0
-100.0,100,364.940823,0.0
-100.0,100,365.574885,0.0
-100.0,100,366.218712,0.0
-100.0,100,366.868196,0.0
-42.0,100,367.502193,0.0
-100.0,100,368.14717,0.0
-95.0,100,368.796306,0.0
-98.0,100,369.439015,0.0
-100.0,100,370.085764,0.0
-100.0,100,370.740096,0.0
-100.0,100,371.392463,0.0
-100.0,100,372.024714,0.0
-100.0,100,372.664742,0.0
-100.0,100,373.314248,0.0
-100.0,100,373.965485,0.0
-100.0,100,374.617479,0.0
-100.0,100,375.263418,0.0
-85.0,100,377.338673,0.0
-100.0,100,378.000767,0.0
-100.0,100,378.649467,0.0
-100.0,100,379.369035,0.0
-100.0,100,380.087034,0.0
-100.0,100,380.740577,0.0
-100.0,100,381.380833,0.0
-100.0,100,382.03235,0.0
-100.0,100,382.691472,0.0
-100.0,100,383.328687,0.0
-100.0,100,383.986711,0.0
-100.0,100,384.616745,0.0
-100.0,100,385.34031,0.0
-100.0,100,385.979546,0.0
-100.0,100,386.625862,0.0
-100.0,100,387.270636,0.0
-13.0,100,387.898319,1.0
-100.0,100,388.527285,0.0
-100.0,100,389.163148,0.0
-100.0,100,389.809479,0.0
-100.0,100,390.461441,0.0
-100.0,100,391.076596,0.0
-100.0,100,391.72145,0.0
-100.0,100,392.352689,0.0
-50.0,100,393.002481,0.0
-100.0,100,393.652369,0.0
-100.0,100,394.305401,0.0
-100.0,100,394.955789,0.0
-100.0,100,395.608565,0.0
-100.0,100,396.243366,0.0
-100.0,100,396.896212,0.0
-100.0,100,397.540994,0.0
-100.0,100,398.192403,0.0
-100.0,100,398.82569,0.0
-100.0,100,399.458973,0.0
-8.0,100,400.120019,0.0
-100.0,100,400.774815,0.0
-100.0,100,401.423759,0.0
-100.0,100,402.065938,0.0
-100.0,100,402.716944,0.0
-71.0,100,403.369686,0.0
-100.0,100,404.010477,0.0
-100.0,100,404.663485,0.0
-100.0,100,405.308318,0.0
-100.0,100,405.950329,0.0
-100.0,100,406.595169,0.0
-100.0,100,407.242399,0.0
-100.0,100,407.937996,0.0
-100.0,100,408.654109,0.0
-100.0,100,409.328431,0.0
-100.0,100,409.982222,0.0
-100.0,100,410.630464,0.0
-100.0,100,411.267292,0.0
-98.0,100,411.915704,1.0
-75.0,100,412.588196,1.0
-100.0,100,413.245776,0.0
-100.0,100,413.909608,0.0
-100.0,100,414.581386,0.0
-27.0,100,415.243138,1.0
-100.0,100,415.872246,0.0
-100.0,100,416.520117,0.0
-100.0,100,417.173565,0.0
-42.0,100,417.837412,1.0
-100.0,100,418.462918,0.0
-100.0,100,419.097907,0.0
-100.0,100,419.735731,0.0
-100.0,100,420.370577,0.0
-98.0,100,421.03323,0.0
-100.0,100,421.6849,0.0
-100.0,100,422.336034,0.0
-100.0,100,422.990517,0.0
-100.0,100,423.650535,0.0
-100.0,100,424.301929,0.0
-100.0,100,424.964855,0.0
-92.0,100,425.590463,0.0
-100.0,100,426.246453,0.0
-100.0,100,426.899126,0.0
-100.0,100,427.548448,0.0
-100.0,100,428.198279,0.0
-100.0,100,428.851658,0.0
-100.0,100,429.489976,0.0
-100.0,100,430.156313,0.0
-100.0,100,430.804905,0.0
-100.0,100,431.454432,0.0
-100.0,100,432.105107,0.0
-88.0,100,432.774368,0.0
-100.0,100,433.453668,0.0
-100.0,100,434.111652,0.0
-100.0,100,434.766683,0.0
-100.0,100,435.404096,0.0
-100.0,100,436.04657,0.0
-100.0,100,436.671578,0.0
-100.0,100,437.335135,0.0
-100.0,100,437.993104,0.0
-100.0,100,438.632039,0.0
-100.0,100,439.272058,0.0
-100.0,100,439.884803,0.0
-6.0,100,440.542669,1.0
-100.0,100,441.205791,0.0
-100.0,100,441.857887,0.0
-15.0,100,443.866388,1.0
-100.0,100,444.506606,0.0
-100.0,100,445.162248,0.0
-100.0,100,445.81071,0.0
-100.0,100,446.486394,0.0
-100.0,100,447.141093,0.0
-100.0,100,447.757835,0.0
-100.0,100,448.4034,0.0
-100.0,100,449.060209,0.0
-100.0,100,449.698086,0.0
-100.0,100,450.348906,0.0
-100.0,100,450.997598,0.0
-100.0,100,451.656946,0.0
-100.0,100,452.295885,0.0
-100.0,100,452.944798,0.0
-26.0,100,453.617862,1.0
-100.0,100,454.247937,0.0
-100.0,100,454.889991,0.0
-100.0,100,455.543973,0.0
-100.0,100,456.218064,0.0
-100.0,100,456.90642,0.0
-100.0,100,457.566764,0.0
-22.0,100,458.246887,1.0
-100.0,100,458.904128,0.0
-100.0,100,459.548809,0.0
-100.0,100,460.205573,0.0
-100.0,100,460.858048,0.0
-100.0,100,461.53601,0.0
-100.0,100,462.201628,0.0
-95.0,100,462.865304,0.0
-18.0,100,463.498394,0.0
-100.0,100,464.113675,0.0
-100.0,100,464.765858,0.0
-100.0,100,465.418515,0.0
-100.0,100,466.073387,0.0
-100.0,100,466.711998,0.0
-100.0,100,467.362703,0.0
-100.0,100,468.020324,0.0
-83.0,100,468.673019,1.0
-100.0,100,469.31939,0.0
-100.0,100,469.966376,0.0
-100.0,100,470.638661,0.0
-100.0,100,471.325686,0.0
-100.0,100,471.99859,0.0
-46.0,100,472.649081,0.0
-100.0,100,473.293284,0.0
-16.0,100,473.973572,1.0
-100.0,100,474.63778,0.0
-100.0,100,475.282122,0.0
-100.0,100,475.921809,0.0
-100.0,100,476.564579,0.0
-100.0,100,477.216197,0.0
-100.0,100,477.847901,0.0
-100.0,100,478.505274,0.0
-100.0,100,479.141794,0.0
-100.0,100,479.781789,0.0
-100.0,100,480.404792,0.0
-100.0,100,481.042842,0.0
-100.0,100,481.694592,0.0
-100.0,100,482.336399,0.0
-83.0,100,482.978435,1.0
-100.0,100,483.643567,0.0
-100.0,100,484.286834,0.0
-100.0,100,484.914592,0.0
-100.0,100,485.558702,0.0
-4.0,100,486.207944,0.0
-100.0,100,486.868192,0.0
-100.0,100,487.521338,0.0
-100.0,100,488.192256,0.0
-100.0,100,488.837371,0.0
-100.0,100,489.491371,0.0
-94.0,100,490.136972,0.0
-47.0,100,490.788432,1.0
-100.0,100,491.403302,0.0
-97.0,100,492.057307,0.0
-100.0,100,492.68734,0.0
-100.0,100,493.354531,0.0
-100.0,100,494.01026,0.0
-10.0,100,494.685817,1.0
-100.0,100,495.293107,0.0
-100.0,100,495.948568,0.0
-11.0,100,496.594633,1.0
-100.0,100,497.24694,0.0
-100.0,100,497.907811,0.0
-100.0,100,498.542312,0.0
-100.0,100,499.200097,0.0
-100.0,100,499.836312,0.0
-100.0,100,500.497029,0.0
-100.0,100,501.125017,0.0
-100.0,100,501.761637,0.0
-100.0,100,502.420053,0.0
-85.0,100,503.081775,0.0
-98.0,100,503.740052,0.0
-100.0,100,504.406437,0.0
-2.0,100,505.063884,1.0
-100.0,100,505.746887,0.0
-100.0,100,506.402755,0.0
-100.0,100,507.070907,0.0
-100.0,100,507.730156,0.0
-100.0,100,508.41442,0.0
-100.0,100,510.397673,0.0
-100.0,100,511.020253,0.0
-47.0,100,511.671494,1.0
-100.0,100,512.315619,0.0
-100.0,100,512.966645,0.0
-100.0,100,513.633647,0.0
-100.0,100,514.285098,0.0
-100.0,100,514.947494,0.0
-7.0,100,515.605013,1.0
-100.0,100,516.260274,0.0
-100.0,100,516.912587,0.0
-100.0,100,517.559481,0.0
-100.0,100,518.184846,0.0
-100.0,100,518.814948,0.0
-100.0,100,519.466684,0.0
-100.0,100,520.110381,0.0
-100.0,100,520.74959,0.0
-77.0,100,521.356462,1.0
-100.0,100,522.005646,0.0
-100.0,100,522.658132,0.0
-100.0,100,523.311421,0.0
-100.0,100,523.949882,0.0
-100.0,100,524.596262,0.0
-100.0,100,525.252191,0.0
-100.0,100,525.902293,0.0
-99.0,100,526.543046,0.0
-81.0,100,527.204445,0.0
-100.0,100,527.857165,0.0
-100.0,100,528.528055,0.0
-100.0,100,529.206558,0.0
-100.0,100,529.872233,0.0
-100.0,100,530.531168,0.0
-100.0,100,531.19738,0.0
-100.0,100,531.86239,0.0
-100.0,100,532.496809,0.0
-100.0,100,533.135948,0.0
-100.0,100,533.765128,0.0
-100.0,100,534.404721,0.0
-100.0,100,535.059741,0.0
-100.0,100,535.713133,0.0
-95.0,100,536.355896,0.0
-99.0,100,537.023904,0.0
-100.0,100,537.693899,0.0
-100.0,100,538.348745,0.0
-100.0,100,538.999233,0.0
-100.0,100,539.639976,0.0
-100.0,100,540.259816,0.0
-100.0,100,540.893393,0.0
-37.0,100,541.548857,1.0
-100.0,100,542.195555,0.0
-100.0,100,542.854746,0.0
-100.0,100,543.508037,0.0
-100.0,100,544.165811,0.0
-100.0,100,544.816153,0.0
-100.0,100,545.455889,0.0
-100.0,100,546.108328,0.0
-100.0,100,546.761213,0.0
-100.0,100,547.39676,0.0
-100.0,100,548.049256,0.0
-100.0,100,548.705359,0.0
-19.0,100,549.376311,1.0
-100.0,100,550.006092,0.0
-100.0,100,550.658143,0.0
-100.0,100,551.319003,0.0
-100.0,100,551.974379,0.0
-100.0,100,552.630476,0.0
-100.0,100,553.284599,0.0
-100.0,100,553.939588,0.0
-100.0,100,554.579245,0.0
-100.0,100,555.210162,0.0
-100.0,100,555.884014,0.0
-100.0,100,556.54588,0.0
-100.0,100,557.177304,0.0
-100.0,100,557.827035,0.0
-100.0,100,558.452894,0.0
-100.0,100,559.111102,0.0
-100.0,100,559.751392,0.0
-100.0,100,560.403221,0.0
-100.0,100,561.015321,0.0
-100.0,100,561.658902,0.0
-100.0,100,562.310392,0.0
-100.0,100,562.957975,0.0
-100.0,100,563.596521,0.0
-100.0,100,564.230878,0.0
-100.0,100,564.891883,0.0
-100.0,100,565.542894,0.0
-100.0,100,566.209026,0.0
-100.0,100,566.880391,0.0
-100.0,100,567.549064,0.0
-100.0,100,568.197762,0.0
-100.0,100,568.814394,0.0
-100.0,100,569.453969,0.0
-100.0,100,570.113885,0.0
-73.0,100,570.774134,0.0
-100.0,100,571.446946,0.0
-100.0,100,572.089434,0.0
-100.0,100,572.728414,0.0
-100.0,100,573.385482,0.0
-100.0,100,574.030481,0.0
-18.0,100,574.71356,1.0
-93.0,100,576.652503,0.0
-100.0,100,577.304325,0.0
-100.0,100,577.973431,0.0
-100.0,100,578.629348,0.0
-100.0,100,579.294343,0.0
-100.0,100,579.924562,0.0
-100.0,100,580.577057,0.0
-100.0,100,581.24225,0.0
-100.0,100,581.904466,0.0
-70.0,100,582.58426,1.0
-100.0,100,583.238394,0.0
-100.0,100,583.890073,0.0
-100.0,100,584.53801,0.0
-100.0,100,585.188657,0.0
-100.0,100,585.835349,0.0
-100.0,100,586.483898,0.0
-100.0,100,587.140862,0.0
-100.0,100,587.797197,0.0
-100.0,100,588.4472,0.0
-100.0,100,589.087907,0.0
-100.0,100,589.72449,0.0
-24.0,100,590.354321,0.0
-100.0,100,591.011328,0.0
-100.0,100,591.669841,0.0
-100.0,100,592.326166,0.0
-100.0,100,592.970245,0.0
-100.0,100,593.619658,0.0
-100.0,100,594.225941,0.0
-100.0,100,594.847584,0.0
-45.0,100,595.490968,1.0
-100.0,100,596.146584,0.0
-100.0,100,596.7928,0.0
-100.0,100,597.427092,0.0
-100.0,100,598.073586,0.0
-100.0,100,598.730548,0.0
-100.0,100,599.380633,0.0
-100.0,100,600.030991,0.0
-100.0,100,600.694432,0.0
-100.0,100,601.35107,0.0
-97.0,100,602.011855,0.0
-100.0,100,602.629569,0.0
-100.0,100,603.265938,0.0
-100.0,100,603.927872,0.0
-100.0,100,604.582471,0.0
-100.0,100,605.23719,0.0
-100.0,100,605.923056,0.0
-100.0,100,606.596043,0.0
-7.0,100,607.249925,1.0
-100.0,100,607.891092,0.0
-100.0,100,608.549837,0.0
-100.0,100,609.163492,0.0
-100.0,100,609.794886,0.0
-100.0,100,610.449577,0.0
-100.0,100,611.105341,0.0
-100.0,100,611.769081,0.0
-100.0,100,612.417732,0.0
-100.0,100,613.064669,0.0
-100.0,100,613.718611,0.0
-100.0,100,614.36492,0.0
-100.0,100,615.0413,0.0
-100.0,100,615.68588,0.0
-100.0,100,616.33543,0.0
-100.0,100,616.989239,0.0
-100.0,100,617.736281,0.0
-100.0,100,618.494474,0.0
-100.0,100,619.204567,0.0
-100.0,100,619.87464,0.0
-100.0,100,620.523525,0.0
-100.0,100,621.175172,0.0
-100.0,100,621.829453,0.0
-100.0,100,622.488309,0.0
-100.0,100,623.135598,0.0
-100.0,100,623.814776,0.0
-100.0,100,624.471486,0.0
-100.0,100,625.109461,0.0
-100.0,100,625.75247,0.0
-100.0,100,626.424375,0.0
-100.0,100,627.088997,0.0
-100.0,100,627.761271,0.0
-100.0,100,628.447116,0.0
-100.0,100,629.090211,0.0
-100.0,100,629.723356,0.0
-100.0,100,630.386415,0.0
-100.0,100,631.035143,0.0
-100.0,100,631.672825,0.0
-100.0,100,632.331175,0.0
-100.0,100,632.938998,0.0
-100.0,100,633.614557,0.0
-100.0,100,634.245627,0.0
-100.0,100,634.905143,0.0
-100.0,100,635.562191,0.0
-100.0,100,636.343538,0.0
-100.0,100,637.006751,0.0
-100.0,100,637.623708,0.0
-100.0,100,638.285904,0.0
-100.0,100,638.935903,0.0
-100.0,100,639.570194,0.0
-100.0,100,640.21874,0.0
-100.0,100,640.857093,0.0
-100.0,100,641.511186,0.0
-100.0,100,643.472395,0.0
-100.0,100,644.128976,0.0
-100.0,100,644.796294,0.0
-100.0,100,645.461905,0.0
-100.0,100,646.113663,0.0
-100.0,100,646.773553,0.0
-100.0,100,647.411874,0.0
-100.0,100,648.017964,0.0
-100.0,100,648.666977,0.0
-15.0,100,649.32486,1.0
-10.0,100,649.950819,1.0
-100.0,100,650.603643,0.0
-100.0,100,651.254978,0.0
-99.0,100,651.912929,1.0
-100.0,100,652.563806,0.0
-100.0,100,653.231656,0.0
-100.0,100,653.885497,0.0
-100.0,100,654.528986,0.0
0.0,100,655.192827,1.0
-100.0,100,655.855902,0.0
-89.0,100,656.522641,0.0
-100.0,100,657.173,0.0
-4.0,100,657.804812,1.0
-100.0,100,658.46638,0.0
-100.0,100,659.127327,0.0
-6.0,100,659.775873,1.0
-100.0,100,660.423343,0.0
-96.0,100,661.058631,1.0
-100.0,100,661.687422,0.0
-100.0,100,662.299182,0.0
-100.0,100,662.922799,0.0
-100.0,100,663.575197,0.0
-100.0,100,664.228283,0.0
-100.0,100,664.876619,0.0
-100.0,100,665.51636,0.0
-100.0,100,666.142639,0.0
-100.0,100,666.809444,0.0
-100.0,100,667.461073,0.0
-100.0,100,668.117983,0.0
-100.0,100,668.783109,0.0
-100.0,100,669.439227,0.0
-10.0,100,670.106499,1.0
-100.0,100,670.769907,0.0
-100.0,100,671.419215,0.0
-100.0,100,672.072778,0.0
-100.0,100,672.72521,0.0
-100.0,100,673.369869,0.0
-25.0,100,674.019339,1.0
-100.0,100,674.671186,0.0
-20.0,100,675.338456,1.0
-100.0,100,675.990175,0.0
-100.0,100,676.642334,0.0
-7.0,100,677.295454,1.0
-100.0,100,677.971703,0.0
-100.0,100,678.616962,0.0
-100.0,100,679.275547,0.0
-100.0,100,679.921321,0.0
-100.0,100,680.573475,0.0
-100.0,100,681.215688,0.0
-46.0,100,681.871223,0.0
-100.0,100,682.533166,0.0
-100.0,100,683.177646,0.0
-100.0,100,683.829503,0.0
-100.0,100,684.486316,0.0
-100.0,100,685.125406,0.0
-100.0,100,685.769519,0.0
-100.0,100,686.405849,0.0
-100.0,100,687.045956,0.0
-100.0,100,687.70821,0.0
-100.0,100,688.355649,0.0
-100.0,100,689.010284,0.0
-100.0,100,689.657668,0.0
-100.0,100,690.305248,0.0
-100.0,100,690.953354,0.0
-100.0,100,691.606992,0.0
-100.0,100,692.24045,0.0
-100.0,100,692.884421,0.0
-71.0,100,693.545489,1.0
-100.0,100,694.177855,0.0
-100.0,100,694.836704,0.0
-100.0,100,695.494565,0.0
-100.0,100,696.151379,0.0
-100.0,100,696.803939,0.0
-100.0,100,697.480248,0.0
-100.0,100,698.136252,0.0
-100.0,100,698.791778,0.0
-100.0,100,699.432142,0.0
-100.0,100,700.107916,0.0
-100.0,100,700.760481,0.0
-100.0,100,701.408526,0.0
-100.0,100,702.055989,0.0
-100.0,100,702.694375,0.0
-100.0,100,703.34283,0.0
-7.0,100,703.988735,1.0
-100.0,100,704.620911,0.0
-100.0,100,705.275071,0.0
-57.0,100,705.932237,1.0
-100.0,100,706.566743,0.0
-100.0,100,707.211533,0.0
-100.0,100,707.865297,0.0
-20.0,100,709.933362,1.0
-100.0,100,710.567304,0.0
-36.0,100,711.229235,1.0
-2.0,100,711.878349,1.0
-100.0,100,712.533266,0.0
-100.0,100,713.187168,0.0
-100.0,100,713.85432,0.0
-100.0,100,714.507675,0.0
-100.0,100,715.241505,0.0
-100.0,100,715.891508,0.0
-100.0,100,716.539886,0.0
-100.0,100,717.182753,0.0
-100.0,100,717.837329,0.0
-100.0,100,718.536639,0.0
-50.0,100,719.215977,1.0
-100.0,100,719.872053,0.0
-100.0,100,720.581627,0.0
-100.0,100,721.246377,0.0
-100.0,100,721.884635,0.0
-100.0,100,722.534651,0.0
-100.0,100,723.171249,0.0
-100.0,100,723.826563,0.0
-100.0,100,724.479864,0.0
-100.0,100,725.111457,0.0
-100.0,100,725.751663,0.0
-92.0,100,726.390825,0.0
-23.0,100,727.054705,1.0
-100.0,100,727.717647,0.0
-100.0,100,728.403656,0.0
-100.0,100,729.146296,0.0
-100.0,100,729.821833,0.0
-100.0,100,730.45785,0.0
-100.0,100,731.11752,0.0
-100.0,100,731.769242,0.0
-100.0,100,732.410475,0.0
-100.0,100,733.162657,0.0
-100.0,100,733.847601,0.0
-100.0,100,734.512465,0.0
-100.0,100,735.18268,0.0
-100.0,100,735.846497,0.0
-100.0,100,736.530028,0.0
-100.0,100,737.203268,0.0
-100.0,100,737.846951,0.0
-100.0,100,738.504874,0.0
-100.0,100,739.150457,0.0
-24.0,100,739.804483,1.0
-100.0,100,740.444793,0.0
-100.0,100,741.094502,0.0
-100.0,100,741.748462,0.0
-100.0,100,742.401817,0.0
-100.0,100,743.065104,0.0
-100.0,100,743.737055,0.0
-100.0,100,744.458273,0.0
-100.0,100,745.189764,0.0
-100.0,100,745.843378,0.0
-100.0,100,746.684829,0.0
-100.0,100,747.339329,0.0
-100.0,100,747.979685,0.0
-100.0,100,748.626057,0.0
-100.0,100,749.257844,0.0
-100.0,100,749.916594,0.0
-100.0,100,750.612042,0.0
-100.0,100,751.315063,0.0
0.0,100,752.060382,1.0
-100.0,100,752.727881,0.0
-100.0,100,753.381309,0.0
-81.0,100,754.05605,0.0
-100.0,100,754.722358,0.0
-100.0,100,755.372206,0.0
-100.0,100,756.033932,0.0
-100.0,100,756.684408,0.0
-100.0,100,757.332068,0.0
-100.0,100,757.991337,0.0
-73.0,100,758.629448,0.0
-100.0,100,759.282131,0.0
-100.0,100,759.937786,0.0
-100.0,100,760.61992,0.0
-100.0,100,761.256064,0.0
-100.0,100,761.906256,0.0
-100.0,100,762.548025,0.0
-100.0,100,763.199879,0.0
-100.0,100,763.849499,0.0
-100.0,100,764.499405,0.0
-100.0,100,765.138604,0.0
-100.0,100,765.799323,0.0
-95.0,100,766.45513,1.0
-100.0,100,767.117692,0.0
-100.0,100,767.773731,0.0
-100.0,100,768.448431,0.0
-100.0,100,769.101027,0.0
-100.0,100,769.753684,0.0
-100.0,100,770.420269,0.0
-99.0,100,771.0691,0.0
-100.0,100,771.725332,0.0
-100.0,100,772.382781,0.0
-100.0,100,773.02536,0.0
-97.0,100,773.695557,0.0
-100.0,100,774.367129,0.0
-100.0,100,775.038931,0.0
-100.0,100,775.689869,0.0
-100.0,100,777.663507,0.0
-13.0,100,778.300024,1.0
-100.0,100,778.91278,0.0
-100.0,100,779.547137,0.0
-100.0,100,780.172619,0.0
-100.0,100,780.825869,0.0
-100.0,100,781.445057,0.0
-15.0,100,782.096874,1.0
-100.0,100,782.719048,0.0
-100.0,100,783.354764,0.0
-100.0,100,783.968776,0.0
-100.0,100,784.599753,0.0
-100.0,100,785.232111,0.0
-99.0,100,785.874909,0.0
-100.0,100,786.519059,0.0
-17.0,100,787.188236,1.0
-100.0,100,787.824298,0.0
-33.0,100,788.463506,1.0
-100.0,100,789.204427,0.0
-100.0,100,789.907865,0.0
-100.0,100,790.57601,0.0
-100.0,100,791.227341,0.0
-100.0,100,791.855599,0.0
-100.0,100,792.525359,0.0
-100.0,100,793.411023,0.0
-100.0,100,794.086928,0.0
-100.0,100,794.737833,0.0
-100.0,100,795.395554,0.0
-100.0,100,796.05559,0.0
-92.0,100,796.717111,1.0
-100.0,100,797.362542,0.0
-100.0,100,798.043988,0.0
-100.0,100,798.737688,0.0
-100.0,100,799.428312,0.0
-100.0,100,800.079489,0.0
-100.0,100,800.752733,0.0
-100.0,100,801.511758,0.0
-100.0,100,802.232088,0.0
-100.0,100,802.9118,0.0
-11.0,100,803.567627,1.0
-100.0,100,804.236925,0.0
-100.0,100,804.888222,0.0
-100.0,100,805.540716,0.0
-100.0,100,806.209094,0.0
-100.0,100,806.861239,0.0
-100.0,100,807.512687,0.0
-100.0,100,808.16077,0.0
-100.0,100,808.765192,0.0
-100.0,100,809.426659,0.0
-100.0,100,810.06835,0.0
-100.0,100,810.734991,0.0
-100.0,100,811.385793,0.0
-100.0,100,812.052611,0.0
-100.0,100,812.801344,0.0
-6.0,100,813.552304,1.0
-4.0,100,814.219829,1.0
-100.0,100,814.868556,0.0
-100.0,100,815.785518,0.0
-100.0,100,816.444949,0.0
-100.0,100,817.116856,0.0
-100.0,100,817.763879,0.0
-3.0,100,818.457833,1.0
-100.0,100,819.135916,0.0
-100.0,100,819.812981,0.0
-82.0,100,820.534481,1.0
-100.0,100,821.252108,0.0
-100.0,100,821.977554,0.0
-100.0,100,822.713874,0.0
-26.0,100,823.378449,1.0
-100.0,100,824.037373,0.0
-100.0,100,824.693495,0.0
-100.0,100,825.364472,0.0
-100.0,100,826.024636,0.0
-10.0,100,826.685554,1.0
-100.0,100,827.343691,0.0
-100.0,100,827.987836,0.0
-100.0,100,828.621498,0.0
-100.0,100,829.271711,0.0
-100.0,100,829.900005,0.0
-100.0,100,830.579496,0.0
-100.0,100,831.226755,0.0
-100.0,100,831.874416,0.0
-100.0,100,832.492534,0.0
-100.0,100,833.133075,0.0
-100.0,100,833.796262,0.0
-100.0,100,834.498821,0.0
-100.0,100,835.16287,0.0
-100.0,100,835.799543,0.0
-100.0,100,836.448119,0.0
-100.0,100,837.098295,0.0
-100.0,100,837.747328,0.0
-100.0,100,838.395467,0.0
-100.0,100,839.046345,0.0
-100.0,100,839.710038,0.0
-100.0,100,840.347498,0.0
-100.0,100,840.977492,0.0
-80.0,100,841.628855,0.0
-2.0,100,842.351585,1.0
-100.0,100,843.048925,0.0
-100.0,100,843.690269,0.0
-100.0,100,845.775254,0.0
-3.0,100,846.414643,1.0
-100.0,100,847.047469,0.0
-100.0,100,847.703483,0.0
-100.0,100,848.356929,0.0
-5.0,100,849.037829,1.0
-100.0,100,849.775829,0.0
-100.0,100,850.428987,0.0
-100.0,100,851.073616,0.0
-69.0,100,851.784419,1.0
-7.0,100,852.43433,1.0
-3.0,100,853.095524,1.0
-89.0,100,853.820835,1.0
-100.0,100,854.478284,0.0
-100.0,100,855.158004,0.0
-100.0,100,855.821124,0.0
-100.0,100,856.488829,0.0
-100.0,100,857.154556,0.0
-90.0,100,857.808375,0.0
-8.0,100,858.4698,1.0
-100.0,100,859.124614,0.0
-100.0,100,859.79939,0.0
-100.0,100,860.506511,0.0
-100.0,100,861.150048,0.0
-100.0,100,861.792717,0.0
-100.0,100,862.448371,0.0
-5.0,100,863.077482,1.0
-100.0,100,863.696604,0.0
-100.0,100,864.349682,0.0
-13.0,100,865.016438,1.0
-100.0,100,865.678247,0.0
-100.0,100,866.323968,0.0
-11.0,100,866.956008,1.0
-4.0,100,867.630417,1.0
-100.0,100,868.291152,0.0
-100.0,100,868.945404,0.0
-100.0,100,869.582772,0.0
-100.0,100,870.266315,0.0
-100.0,100,870.937531,0.0
-100.0,100,871.579393,0.0
-5.0,100,872.200786,0.0
-76.0,100,872.910753,1.0
-100.0,100,873.560205,0.0
-100.0,100,874.194936,0.0
-100.0,100,874.849801,0.0
-59.0,100,875.485877,0.0
-100.0,100,876.135247,0.0
-100.0,100,876.850447,0.0
-100.0,100,877.489756,0.0
-100.0,100,878.150663,0.0
-100.0,100,878.815497,0.0
-4.0,100,879.468342,1.0
-100.0,100,880.11828,0.0
-100.0,100,880.784997,0.0
-100.0,100,881.443827,0.0
-97.0,100,882.111234,0.0
-100.0,100,882.778548,0.0
-100.0,100,883.428402,0.0
-29.0,100,884.106478,1.0
-100.0,100,884.763695,0.0
-100.0,100,885.423912,0.0
-100.0,100,886.066989,0.0
-100.0,100,886.730216,0.0
-100.0,100,887.374575,0.0
-100.0,100,888.03049,0.0
-14.0,100,888.710505,1.0
-100.0,100,889.361608,0.0
-100.0,100,890.018353,0.0
-50.0,100,890.67485,1.0
-100.0,100,891.350142,0.0
-1.0,100,892.005758,1.0
-100.0,100,892.66431,0.0
-20.0,100,893.322978,1.0
-100.0,100,893.993473,0.0
-100.0,100,894.640445,0.0
-100.0,100,895.281069,0.0
-100.0,100,895.929156,0.0
-100.0,100,896.559005,0.0
-100.0,100,897.210888,0.0
-100.0,100,897.875975,0.0
-100.0,100,898.54873,0.0
-100.0,100,899.216089,0.0
-100.0,100,899.857329,0.0
-100.0,100,900.499677,0.0
-100.0,100,901.166245,0.0
-100.0,100,901.805855,0.0
-100.0,100,902.46552,0.0
-100.0,100,903.125602,0.0
-100.0,100,903.786818,0.0
-100.0,100,904.432685,0.0
-100.0,100,905.096794,0.0
-100.0,100,905.752753,0.0
-100.0,100,906.40652,0.0
-100.0,100,907.065578,0.0
-75.0,100,907.730063,0.0
-100.0,100,908.387869,0.0
-10.0,100,909.066996,1.0
-19.0,100,909.7186,1.0
-100.0,100,910.403356,0.0
-100.0,100,911.079637,0.0
-100.0,100,913.1916,0.0
-100.0,100,913.836369,0.0
-100.0,100,914.490692,0.0
-21.0,100,915.155072,1.0
-100.0,100,915.816881,0.0
-100.0,100,916.445605,0.0
-100.0,100,917.097315,0.0
-100.0,100,917.776886,0.0
-45.0,100,918.443491,1.0
-100.0,100,919.081086,0.0
-54.0,100,919.749833,1.0
-5.0,100,920.432606,0.0
-100.0,100,921.098709,0.0
-100.0,100,921.756459,0.0
-100.0,100,922.41067,0.0
-100.0,100,923.068696,0.0
-100.0,100,923.728266,0.0
-100.0,100,924.371969,0.0
-100.0,100,925.02821,0.0
-100.0,100,925.681901,0.0
-100.0,100,926.337591,0.0
-100.0,100,926.956182,0.0
-100.0,100,927.606261,0.0
-100.0,100,928.252743,0.0
-100.0,100,928.903548,0.0
-100.0,100,929.558557,0.0
-49.0,100,930.217313,0.0
-100.0,100,930.840321,0.0
-100.0,100,931.483783,0.0
-100.0,100,932.127364,0.0
-100.0,100,932.785321,0.0
-69.0,100,933.435052,0.0
-100.0,100,934.075904,0.0
-100.0,100,934.743052,0.0
-100.0,100,935.385954,0.0
-100.0,100,936.036596,0.0
-100.0,100,936.701669,0.0
-100.0,100,937.356423,0.0
-100.0,100,938.008198,0.0
-100.0,100,938.676236,0.0
-100.0,100,939.329484,0.0
-100.0,100,939.99469,0.0
-100.0,100,940.650019,0.0
-100.0,100,941.314049,0.0
-100.0,100,941.989823,0.0
-100.0,100,942.640014,0.0
-100.0,100,943.303629,0.0
-100.0,100,943.980421,0.0
-100.0,100,944.638832,0.0
-100.0,100,945.295108,0.0
-100.0,100,945.943951,0.0
-100.0,100,946.597328,0.0
-100.0,100,947.262772,0.0
-100.0,100,947.90413,0.0
-70.0,100,948.566691,0.0
-100.0,100,949.228616,0.0
-100.0,100,949.889498,0.0
-100.0,100,950.544358,0.0
-100.0,100,951.223656,0.0
-100.0,100,951.883473,0.0
-100.0,100,952.536808,0.0
-3.0,100,953.220352,1.0
-100.0,100,953.874388,0.0
-100.0,100,954.553556,0.0
-100.0,100,955.210394,0.0
-76.0,100,955.87715,0.0
-100.0,100,956.531431,0.0
-100.0,100,957.183935,0.0
-100.0,100,957.856041,0.0
-46.0,100,958.506588,0.0
-100.0,100,959.199434,0.0
-100.0,100,959.830506,0.0
-100.0,100,960.448452,0.0
-100.0,100,961.090564,0.0
-100.0,100,961.750652,0.0
-100.0,100,962.412841,0.0
-100.0,100,963.073929,0.0
-100.0,100,963.738222,0.0
-100.0,100,964.381015,0.0
-100.0,100,965.024549,0.0
-100.0,100,965.683882,0.0
-100.0,100,966.342106,0.0
-100.0,100,967.009734,0.0
-100.0,100,967.633213,0.0
-100.0,100,968.29185,0.0
-100.0,100,968.947858,0.0
-100.0,100,969.598882,0.0
-100.0,100,970.245335,0.0
-100.0,100,970.926944,0.0
-100.0,100,971.584143,0.0
-100.0,100,972.228745,0.0
-100.0,100,972.893186,0.0
-8.0,100,973.575475,1.0
-100.0,100,974.243947,0.0
-100.0,100,974.89086,0.0
-100.0,100,975.549366,0.0
-100.0,100,976.204495,0.0
-100.0,100,976.857385,0.0
-100.0,100,977.51356,0.0
-100.0,100,978.170369,0.0
-100.0,100,980.1513,0.0
-100.0,100,980.80732,0.0
-100.0,100,981.471439,0.0
-100.0,100,982.12659,0.0
-100.0,100,982.78525,0.0
-100.0,100,983.436946,0.0
-100.0,100,984.096376,0.0
-100.0,100,984.75075,0.0
-100.0,100,985.407417,0.0
-100.0,100,986.076786,0.0
-76.0,100,986.741451,1.0
-100.0,100,987.395803,0.0
-100.0,100,988.057572,0.0
-100.0,100,988.712438,0.0
-100.0,100,989.379179,0.0
-100.0,100,990.037474,0.0
-95.0,100,990.702592,0.0
-100.0,100,991.367919,0.0
-100.0,100,992.016219,0.0
-100.0,100,992.650319,0.0
-100.0,100,993.298352,0.0
-94.0,100,993.96315,0.0
-100.0,100,994.612049,0.0
-100.0,100,995.274013,0.0
-100.0,100,995.92994,0.0
-100.0,100,996.595662,0.0
-100.0,100,997.252981,0.0
-100.0,100,997.915994,0.0
-100.0,100,998.563333,0.0
-100.0,100,999.217012,0.0
-100.0,100,999.859484,0.0
-100.0,100,1000.518682,0.0
-100.0,100,1001.168668,0.0
-100.0,100,1001.829663,0.0
0.0,100,1002.497115,1.0
-96.0,100,1003.148727,0.0
-100.0,100,1003.806379,0.0
-13.0,100,1004.460827,1.0
-100.0,100,1005.115966,0.0
-100.0,100,1005.768586,0.0
-100.0,100,1006.444829,0.0
-100.0,100,1007.099396,0.0
-41.0,100,1007.766546,1.0
-4.0,100,1008.414927,1.0
-100.0,100,1009.073705,0.0
-100.0,100,1009.725344,0.0
-100.0,100,1010.38341,0.0
-100.0,100,1011.063277,0.0
-100.0,100,1011.727076,0.0
-100.0,100,1012.392152,0.0
-24.0,100,1013.055787,0.0
-100.0,100,1013.710559,0.0
-100.0,100,1014.355843,0.0
-100.0,100,1014.999035,0.0
-100.0,100,1015.657116,0.0
-45.0,100,1016.321379,1.0
-44.0,100,1016.984637,1.0
-100.0,100,1017.649545,0.0
-100.0,100,1018.299751,0.0
-100.0,100,1018.965805,0.0
-100.0,100,1019.623132,0.0
-100.0,100,1020.288884,0.0
-100.0,100,1020.974387,0.0
-100.0,100,1021.630118,0.0
-100.0,100,1022.27202,0.0
-6.0,100,1022.890889,1.0
-21.0,100,1023.576576,1.0
-74.0,100,1024.237679,1.0
-100.0,100,1024.891859,0.0
-100.0,100,1025.572896,0.0
-73.0,100,1026.240943,1.0
-100.0,100,1026.899643,0.0
-100.0,100,1027.558889,0.0
-100.0,100,1028.211854,0.0
-100.0,100,1028.870717,0.0
-100.0,100,1029.526508,0.0
-100.0,100,1030.190952,0.0
-100.0,100,1030.850602,0.0
-100.0,100,1031.492819,0.0
-100.0,100,1032.143337,0.0
-100.0,100,1032.809273,0.0
-100.0,100,1033.46514,0.0
-100.0,100,1034.119086,0.0
-4.0,100,1034.788059,1.0
-100.0,100,1035.434696,0.0
-100.0,100,1036.096793,0.0
-100.0,100,1036.754161,0.0
-100.0,100,1037.406662,0.0
-100.0,100,1038.060408,0.0
-17.0,100,1038.720513,1.0
-14.0,100,1039.368127,1.0
-99.0,100,1040.010901,0.0
-100.0,100,1040.663693,0.0
-100.0,100,1041.325367,0.0
-91.0,100,1041.982494,0.0
-100.0,100,1042.641035,0.0
-100.0,100,1043.300733,0.0
-100.0,100,1043.966726,0.0
-100.0,100,1044.628299,0.0
-100.0,100,1045.292201,0.0
-100.0,100,1047.34228,0.0
-67.0,100,1048.008889,0.0
-100.0,100,1048.639855,0.0
-100.0,100,1049.248747,0.0
-100.0,100,1049.86431,0.0
-100.0,100,1050.476903,0.0
-32.0,100,1051.139055,1.0
-100.0,100,1051.813381,0.0
-64.0,100,1052.461773,1.0
-100.0,100,1053.068008,0.0
-21.0,100,1053.719242,1.0
-100.0,100,1054.365801,0.0
-100.0,100,1055.019274,0.0
-100.0,100,1055.652498,0.0
-100.0,100,1056.308536,0.0
-100.0,100,1056.96627,0.0
-100.0,100,1057.611037,0.0
-100.0,100,1058.254962,0.0
-100.0,100,1058.919494,0.0
-100.0,100,1059.571822,0.0
-100.0,100,1060.245208,0.0
-100.0,100,1060.916222,0.0
-100.0,100,1061.573533,0.0
-100.0,100,1062.237826,0.0
-100.0,100,1062.885897,0.0
-3.0,100,1063.555979,1.0
-100.0,100,1064.203681,0.0
-100.0,100,1064.865707,0.0
-9.0,100,1065.526238,1.0
-12.0,100,1066.197178,1.0
-100.0,100,1066.845319,0.0
-100.0,100,1067.484608,0.0
-100.0,100,1068.150636,0.0
-100.0,100,1068.833682,0.0
-100.0,100,1069.496656,0.0
-100.0,100,1070.149648,0.0
-100.0,100,1070.806788,0.0
-11.0,100,1071.456017,1.0
-100.0,100,1072.117645,0.0
-100.0,100,1072.767654,0.0
-100.0,100,1073.426005,0.0
-8.0,100,1074.086443,1.0
-100.0,100,1074.748842,0.0
-100.0,100,1075.415919,0.0
-100.0,100,1076.070743,0.0
-7.0,100,1076.684154,1.0
-100.0,100,1077.357073,0.0
-100.0,100,1077.994393,0.0
-100.0,100,1078.63999,0.0
-14.0,100,1079.304349,1.0
-100.0,100,1079.953765,0.0
-100.0,100,1080.61579,0.0
-100.0,100,1081.266773,0.0
-100.0,100,1081.929967,0.0
-100.0,100,1082.587272,0.0
-100.0,100,1083.246892,0.0
-100.0,100,1083.900432,0.0
-100.0,100,1084.540258,0.0
-100.0,100,1085.152267,0.0
-100.0,100,1085.819493,0.0
-100.0,100,1086.434124,0.0
-3.0,100,1087.091444,1.0
-100.0,100,1087.737884,0.0
-100.0,100,1088.388642,0.0
-100.0,100,1089.023591,0.0
-100.0,100,1089.654187,0.0
-99.0,100,1090.301949,1.0
-27.0,100,1090.960182,1.0
-100.0,100,1091.627618,0.0
-100.0,100,1092.275811,0.0
-100.0,100,1092.935713,0.0
-100.0,100,1093.575711,0.0
-5.0,100,1094.232621,1.0
-11.0,100,1094.878746,1.0
-100.0,100,1095.535135,0.0
-4.0,100,1096.182624,1.0
-100.0,100,1096.849162,0.0
-100.0,100,1097.516363,0.0
-100.0,100,1098.171257,0.0
-63.0,100,1098.819517,1.0
-100.0,100,1099.481036,0.0
-100.0,100,1100.138145,0.0
-100.0,100,1100.794139,0.0
-100.0,100,1101.460761,0.0
-100.0,100,1102.111424,0.0
-100.0,100,1102.783303,0.0
-100.0,100,1103.434901,0.0
-100.0,100,1104.08045,0.0
-100.0,100,1104.736155,0.0
-21.0,100,1105.399681,0.0
-100.0,100,1106.057665,0.0
-100.0,100,1106.71375,0.0
-100.0,100,1107.369856,0.0
-100.0,100,1108.029755,0.0
-9.0,100,1108.682483,1.0
-97.0,100,1109.347683,0.0
-100.0,100,1109.99659,0.0
-100.0,100,1110.649736,0.0
-100.0,100,1111.29932,0.0
-100.0,100,1111.957206,0.0
-100.0,100,1113.912115,0.0
-100.0,100,1114.57291,0.0
-100.0,100,1115.238694,0.0
-100.0,100,1115.875631,0.0
-100.0,100,1116.516158,0.0
-100.0,100,1117.172906,0.0
-100.0,100,1117.83785,0.0
-100.0,100,1118.486155,0.0
-100.0,100,1119.155072,0.0
-100.0,100,1119.807971,0.0
-100.0,100,1120.474301,0.0
-100.0,100,1121.130741,0.0
-100.0,100,1121.794223,0.0
-100.0,100,1122.449388,0.0
-100.0,100,1123.116342,0.0
-100.0,100,1123.781604,0.0
-100.0,100,1124.438937,0.0
-100.0,100,1125.112679,0.0
-7.0,100,1125.773186,1.0
-100.0,100,1126.436714,0.0
-100.0,100,1127.088236,0.0
-100.0,100,1127.748396,0.0
-100.0,100,1128.411212,0.0
-43.0,100,1129.081896,1.0
-100.0,100,1129.754573,0.0
-15.0,100,1130.412907,1.0
-62.0,100,1131.082526,0.0
-82.0,100,1131.744632,0.0
-100.0,100,1132.406892,0.0
-100.0,100,1133.060453,0.0
-26.0,100,1133.767424,1.0
-100.0,100,1134.424345,0.0
-100.0,100,1135.059967,0.0
-100.0,100,1135.711594,0.0
-100.0,100,1136.359956,0.0
-100.0,100,1137.00631,0.0
-100.0,100,1137.681292,0.0
-100.0,100,1138.328973,0.0
-100.0,100,1138.986018,0.0
-95.0,100,1139.644325,1.0
-100.0,100,1140.286206,0.0
-100.0,100,1140.946285,0.0
-100.0,100,1141.604383,0.0
-100.0,100,1142.242669,0.0
-100.0,100,1142.896322,0.0
-100.0,100,1143.527125,0.0
-11.0,100,1144.195458,1.0
-100.0,100,1144.866888,0.0
-7.0,100,1145.534513,1.0
-100.0,100,1146.189365,0.0
-100.0,100,1146.843795,0.0
-100.0,100,1147.49488,0.0
-12.0,100,1148.150528,1.0
-100.0,100,1148.789995,0.0
-36.0,100,1149.451425,1.0
-100.0,100,1150.113687,0.0
-5.0,100,1150.788079,1.0
-100.0,100,1151.46606,0.0
-100.0,100,1152.146728,0.0
-100.0,100,1152.774198,0.0
-100.0,100,1153.433369,0.0
-100.0,100,1154.103634,0.0
-8.0,100,1154.78335,1.0
-100.0,100,1155.451661,0.0
-100.0,100,1156.120433,0.0
-100.0,100,1156.788534,0.0
-100.0,100,1157.455626,0.0
-100.0,100,1158.100512,0.0
-9.0,100,1158.770806,1.0
-100.0,100,1159.415332,0.0
-4.0,100,1160.074219,1.0
-4.0,100,1160.741763,1.0
-88.0,100,1161.41612,0.0
-100.0,100,1162.098656,0.0
-100.0,100,1162.770292,0.0
-100.0,100,1163.432522,0.0
-100.0,100,1164.121055,0.0
-100.0,100,1164.787541,0.0
-100.0,100,1165.445698,0.0
-100.0,100,1166.130402,0.0
-100.0,100,1166.797686,0.0
-100.0,100,1167.495374,0.0
-17.0,100,1168.152573,0.0
-100.0,100,1168.825274,0.0
-100.0,100,1169.495044,0.0
-100.0,100,1170.193984,0.0
-12.0,100,1170.916797,1.0
-100.0,100,1171.637956,0.0
-100.0,100,1172.382541,0.0
-100.0,100,1173.063517,0.0
-7.0,100,1173.770121,1.0
-100.0,100,1174.532012,0.0
-100.0,100,1175.259808,0.0
0.0,100,1175.94638,1.0
-100.0,100,1176.626776,0.0
-100.0,100,1177.326903,0.0
-98.0,100,1177.982974,0.0
-100.0,100,1178.698342,0.0
-100.0,100,1179.377064,0.0
-6.0,100,1180.034214,1.0
-6.0,100,1182.07678,1.0
-76.0,100,1182.745159,0.0
-100.0,100,1183.429344,0.0
-100.0,100,1184.119998,0.0
-100.0,100,1184.925347,0.0
-100.0,100,1185.65164,0.0
-100.0,100,1186.354338,0.0
-27.0,100,1187.114809,1.0
-100.0,100,1187.799359,0.0
-100.0,100,1188.565622,0.0
-100.0,100,1189.267481,0.0
-100.0,100,1189.944356,0.0
-5.0,100,1190.598912,1.0
-3.0,100,1191.301571,1.0
-100.0,100,1192.052642,0.0
-100.0,100,1192.721643,0.0
-100.0,100,1193.36192,0.0
-100.0,100,1194.023482,0.0
-4.0,100,1194.823305,1.0
-100.0,100,1195.613647,0.0
-100.0,100,1196.334227,0.0
-100.0,100,1196.997901,0.0
-100.0,100,1197.653748,0.0
-6.0,100,1198.31343,1.0
-100.0,100,1198.974459,0.0
-100.0,100,1199.638523,0.0
-12.0,100,1200.296204,1.0
-63.0,100,1200.955977,0.0
-100.0,100,1201.620835,0.0
-100.0,100,1202.300548,0.0
-100.0,100,1202.954938,0.0
-100.0,100,1203.594742,0.0
-97.0,100,1204.263643,0.0
-36.0,100,1204.901309,0.0
-7.0,100,1205.518362,1.0
-100.0,100,1206.134918,0.0
-100.0,100,1206.787528,0.0
-100.0,100,1207.451062,0.0
-100.0,100,1208.115803,0.0
-100.0,100,1208.798991,0.0
-10.0,100,1209.571165,1.0
-100.0,100,1210.228277,0.0
-100.0,100,1210.874394,0.0
-3.0,100,1211.539239,1.0
-100.0,100,1212.17335,0.0
-100.0,100,1212.816988,0.0
-100.0,100,1213.504471,0.0
-4.0,100,1214.129064,1.0
-67.0,100,1214.780249,1.0
-100.0,100,1215.427487,0.0
-100.0,100,1216.080964,0.0
-93.0,100,1216.738649,0.0
-100.0,100,1217.391214,0.0
-100.0,100,1218.052724,0.0
-4.0,100,1218.703466,1.0
-100.0,100,1219.379535,0.0
-52.0,100,1220.03398,0.0
-100.0,100,1220.681144,0.0
-88.0,100,1221.316509,0.0
-100.0,100,1221.993098,0.0
-100.0,100,1222.66058,0.0
-100.0,100,1223.320891,0.0
-100.0,100,1223.988694,0.0
-100.0,100,1224.657063,0.0
-100.0,100,1225.323576,0.0
-100.0,100,1225.987518,0.0
-100.0,100,1226.628493,0.0
-87.0,100,1227.281003,0.0
-100.0,100,1228.02402,0.0
-100.0,100,1228.716891,0.0
-13.0,100,1229.372807,1.0
-100.0,100,1230.031062,0.0
0.0,100,1230.709613,1.0
-100.0,100,1231.358841,0.0
-100.0,100,1232.021941,0.0
-100.0,100,1232.685652,0.0
-100.0,100,1233.33987,0.0
-100.0,100,1234.012568,0.0
-25.0,100,1234.681873,1.0
-100.0,100,1235.361015,0.0
-100.0,100,1236.025742,0.0
-100.0,100,1236.697341,0.0
-100.0,100,1237.362663,0.0
-100.0,100,1238.041119,0.0
-100.0,100,1238.699272,0.0
-100.0,100,1239.345479,0.0
-100.0,100,1239.997659,0.0
-100.0,100,1240.657166,0.0
-100.0,100,1241.293476,0.0
-100.0,100,1241.95315,0.0
-100.0,100,1242.659459,0.0
-100.0,100,1243.44274,0.0
-100.0,100,1244.196797,0.0
-100.0,100,1244.808649,0.0
-69.0,100,1245.558313,0.0
-100.0,100,1246.254379,0.0
-100.0,100,1246.921734,0.0
-100.0,100,1247.673455,0.0
-100.0,100,1248.401789,0.0
-100.0,100,1249.041214,0.0
-100.0,100,1251.165586,0.0
-100.0,100,1251.906466,0.0
-100.0,100,1252.616595,0.0
-100.0,100,1253.440781,0.0
-41.0,100,1254.239128,0.0
-100.0,100,1254.897312,0.0
-5.0,100,1255.59964,1.0
-100.0,100,1256.295243,0.0
-100.0,100,1257.000453,0.0
-100.0,100,1257.666645,0.0
-100.0,100,1258.396608,0.0
-100.0,100,1259.107736,0.0
-100.0,100,1259.743045,0.0
-100.0,100,1260.419215,0.0
-100.0,100,1261.102143,0.0
-100.0,100,1261.77373,0.0
-100.0,100,1262.458472,0.0
-12.0,100,1263.140507,1.0
-100.0,100,1263.81462,0.0
-87.0,100,1264.508988,0.0
-39.0,100,1265.17697,0.0
-100.0,100,1265.845748,0.0
-100.0,100,1266.531898,0.0
-100.0,100,1267.185531,0.0
-100.0,100,1267.866158,0.0
-100.0,100,1268.521441,0.0
-23.0,100,1269.182254,1.0
-100.0,100,1269.88771,0.0
-100.0,100,1270.623795,0.0
-100.0,100,1271.368257,0.0
-100.0,100,1272.144023,0.0
-100.0,100,1272.873487,0.0
-100.0,100,1273.577528,0.0
-100.0,100,1274.24466,0.0
-100.0,100,1274.915983,0.0
-100.0,100,1275.645471,0.0
-42.0,100,1276.341246,0.0
-100.0,100,1276.967336,0.0
-100.0,100,1277.611865,0.0
-100.0,100,1278.292491,0.0
-100.0,100,1278.969313,0.0
-100.0,100,1279.637043,0.0
-100.0,100,1280.302992,0.0
-100.0,100,1280.985673,0.0
-100.0,100,1281.63875,0.0
-100.0,100,1282.310712,0.0
-100.0,100,1282.976532,0.0
-100.0,100,1283.619408,0.0
-100.0,100,1284.267627,0.0
-100.0,100,1284.935153,0.0
-100.0,100,1285.598733,0.0
-100.0,100,1286.259245,0.0
-100.0,100,1286.923115,0.0
-100.0,100,1287.592636,0.0
-100.0,100,1288.245242,0.0
-100.0,100,1288.912138,0.0
-100.0,100,1289.573059,0.0
-97.0,100,1290.260499,0.0
-100.0,100,1290.93398,0.0
-100.0,100,1291.719391,0.0
-5.0,100,1292.432722,1.0
-100.0,100,1293.126797,0.0
-100.0,100,1293.791786,0.0
-100.0,100,1294.456477,0.0
-100.0,100,1295.124073,0.0
-100.0,100,1295.782214,0.0
-100.0,100,1296.457904,0.0
-100.0,100,1297.12494,0.0
-100.0,100,1297.794413,0.0
-100.0,100,1298.42257,0.0
-19.0,100,1299.095667,1.0
-100.0,100,1299.75455,0.0
-100.0,100,1300.432773,0.0
-73.0,100,1301.084789,0.0
-100.0,100,1301.800591,0.0
-100.0,100,1302.502724,0.0
-100.0,100,1303.168818,0.0
-100.0,100,1303.90096,0.0
-100.0,100,1304.637095,0.0
-1.0,100,1305.298373,1.0
-100.0,100,1305.934781,0.0
-100.0,100,1306.605055,0.0
-100.0,100,1307.267466,0.0
-100.0,100,1307.929453,0.0
-100.0,100,1308.611749,0.0
-100.0,100,1309.282393,0.0
-100.0,100,1309.910208,0.0
-100.0,100,1310.588581,0.0
-41.0,100,1311.255656,1.0
-100.0,100,1311.91925,0.0
-100.0,100,1312.596719,0.0
-100.0,100,1313.261197,0.0
-100.0,100,1313.940021,0.0
-100.0,100,1314.565849,0.0
-100.0,100,1315.231934,0.0
-16.0,100,1315.888079,1.0
-100.0,100,1316.531303,0.0
-100.0,100,1317.173139,0.0
-100.0,100,1317.83315,0.0
-50.0,100,1318.497648,1.0
-100.0,100,1320.493112,0.0
-2.0,100,1321.156091,1.0
-100.0,100,1321.82895,0.0
-100.0,100,1322.503768,0.0
-80.0,100,1323.173098,0.0
-100.0,100,1323.844072,0.0
-100.0,100,1324.506171,0.0
-38.0,100,1325.184183,0.0
-3.0,100,1325.839007,1.0
-80.0,100,1326.493752,1.0
-95.0,100,1327.159908,0.0
-80.0,100,1327.807305,0.0
-100.0,100,1328.568224,0.0
-6.0,100,1329.227336,1.0
-100.0,100,1329.89847,0.0
-100.0,100,1330.538501,0.0
-37.0,100,1331.200539,0.0
-4.0,100,1331.866913,1.0
-100.0,100,1332.533336,0.0
-100.0,100,1333.1909,0.0
-100.0,100,1333.855088,0.0
-100.0,100,1334.510243,0.0
-5.0,100,1335.256131,1.0
-100.0,100,1335.959135,0.0
-100.0,100,1336.600589,0.0
-100.0,100,1337.280594,0.0
-100.0,100,1337.942392,0.0
-48.0,100,1338.596066,1.0
-100.0,100,1339.236121,0.0
-88.0,100,1339.908796,0.0
-26.0,100,1340.561906,1.0
-100.0,100,1341.217968,0.0
-100.0,100,1341.861861,0.0
-100.0,100,1342.537461,0.0
-9.0,100,1343.212672,1.0
-100.0,100,1343.865396,0.0
-100.0,100,1344.524495,0.0
-37.0,100,1345.20447,1.0
-84.0,100,1345.855179,0.0
-100.0,100,1346.51114,0.0
-100.0,100,1347.178364,0.0
-100.0,100,1347.836518,0.0
-100.0,100,1348.483073,0.0
-100.0,100,1349.11301,0.0
-100.0,100,1349.759777,0.0
-100.0,100,1350.408037,0.0
-100.0,100,1351.081605,0.0
-100.0,100,1351.742673,0.0
-100.0,100,1352.412072,0.0
-5.0,100,1353.055503,1.0
-100.0,100,1353.720592,0.0
-100.0,100,1354.372296,0.0
-100.0,100,1355.041474,0.0
-100.0,100,1355.709436,0.0
-100.0,100,1356.371796,0.0
-100.0,100,1357.064395,0.0
-100.0,100,1357.716733,0.0
-4.0,100,1358.391569,1.0
-100.0,100,1359.037413,0.0
-100.0,100,1359.713059,0.0
-100.0,100,1360.383096,0.0
-100.0,100,1361.052305,0.0
-95.0,100,1361.711373,0.0
-100.0,100,1362.390924,0.0
-100.0,100,1363.064271,0.0
-17.0,100,1363.736349,1.0
-100.0,100,1364.408499,0.0
-36.0,100,1365.075672,0.0
-53.0,100,1365.742266,0.0
-100.0,100,1366.396317,0.0
-100.0,100,1367.048253,0.0
-100.0,100,1367.673014,0.0
-100.0,100,1368.321486,0.0
-100.0,100,1368.97267,0.0
-100.0,100,1369.630942,0.0
-35.0,100,1370.274722,1.0
-100.0,100,1370.946907,0.0
-100.0,100,1371.582989,0.0
-100.0,100,1372.215507,0.0
-100.0,100,1372.856884,0.0
-100.0,100,1373.534684,0.0
-100.0,100,1374.172657,0.0
-100.0,100,1374.834614,0.0
-98.0,100,1375.488219,0.0
-100.0,100,1376.151794,0.0
-100.0,100,1376.81617,0.0
-100.0,100,1377.488134,0.0
-100.0,100,1378.11869,0.0
-100.0,100,1378.751921,0.0
-100.0,100,1379.413849,0.0
-100.0,100,1380.070691,0.0
-26.0,100,1380.728024,1.0
-100.0,100,1381.369257,0.0
-100.0,100,1382.0252,0.0
-100.0,100,1382.64914,0.0
-12.0,100,1383.310333,1.0
-100.0,100,1383.942449,0.0
-100.0,100,1384.658163,0.0
-100.0,100,1385.349604,0.0
-100.0,100,1385.993446,0.0
-100.0,100,1387.992911,0.0
-100.0,100,1388.6405,0.0
-11.0,100,1389.309991,1.0
-100.0,100,1389.973862,0.0
-100.0,100,1390.628093,0.0
-9.0,100,1391.280796,1.0
-19.0,100,1391.951016,0.0
-100.0,100,1392.614115,0.0
-100.0,100,1393.257669,0.0
-100.0,100,1393.925074,0.0
-100.0,100,1394.577715,0.0
-100.0,100,1395.207651,0.0
-100.0,100,1395.866553,0.0
-100.0,100,1396.50399,0.0
-100.0,100,1397.143053,0.0
-100.0,100,1397.799151,0.0
-100.0,100,1398.45371,0.0
-100.0,100,1399.112196,0.0
-100.0,100,1399.776197,0.0
0.0,100,1400.441081,1.0
-51.0,100,1401.06573,1.0
-100.0,100,1401.723281,0.0
-100.0,100,1402.363227,0.0
-89.0,100,1403.014251,0.0
-100.0,100,1403.653244,0.0
-100.0,100,1404.312868,0.0
-100.0,100,1404.98222,0.0
-100.0,100,1405.647848,0.0
-100.0,100,1406.311707,0.0
-100.0,100,1406.984766,0.0
-100.0,100,1407.651658,0.0
-12.0,100,1408.307935,1.0
-100.0,100,1408.987258,0.0
-100.0,100,1409.652036,0.0
-100.0,100,1410.314477,0.0
-15.0,100,1410.96661,1.0
-94.0,100,1411.652068,0.0
-100.0,100,1412.312315,0.0
-100.0,100,1412.976344,0.0
-100.0,100,1413.637211,0.0
-100.0,100,1414.30023,0.0
-100.0,100,1414.958834,0.0
-100.0,100,1415.658787,0.0
-100.0,100,1416.344143,0.0
-85.0,100,1417.033782,0.0
-100.0,100,1417.700669,0.0
-100.0,100,1418.352397,0.0
-100.0,100,1418.995027,0.0
-100.0,100,1419.644525,0.0
-100.0,100,1420.287638,0.0
-100.0,100,1420.945632,0.0
-78.0,100,1421.627154,0.0
-100.0,100,1422.262303,0.0
-100.0,100,1422.944197,0.0
-10.0,100,1423.603514,1.0
0.0,100,1424.255992,1.0
-100.0,100,1425.007492,0.0
-100.0,100,1425.678953,0.0
-8.0,100,1426.347268,1.0
-100.0,100,1427.01335,0.0
-100.0,100,1427.677107,0.0
-100.0,100,1428.340094,0.0
-100.0,100,1429.008969,0.0
-100.0,100,1429.675997,0.0
-100.0,100,1430.336055,0.0
-100.0,100,1430.995384,0.0
-100.0,100,1431.66532,0.0
-100.0,100,1432.323334,0.0
-100.0,100,1433.007793,0.0
-100.0,100,1433.666812,0.0
-100.0,100,1434.322589,0.0
-100.0,100,1434.98571,0.0
-67.0,100,1435.686304,0.0
-100.0,100,1436.431169,0.0
-95.0,100,1437.299592,0.0
-100.0,100,1438.08183,0.0
-100.0,100,1438.74773,0.0
-100.0,100,1439.417115,0.0
-100.0,100,1440.11818,0.0
-100.0,100,1440.82941,0.0
-100.0,100,1441.555932,0.0
-100.0,100,1442.288135,0.0
-5.0,100,1443.026107,1.0
0.0,100,1443.728659,1.0
-100.0,100,1444.43178,0.0
-74.0,100,1445.148505,0.0
-100.0,100,1445.824694,0.0
-100.0,100,1446.517454,0.0
-100.0,100,1447.179526,0.0
-100.0,100,1447.888285,0.0
-100.0,100,1448.56706,0.0
-100.0,100,1449.26515,0.0
-100.0,100,1449.96096,0.0
-100.0,100,1450.649483,0.0
-34.0,100,1451.335299,1.0
-44.0,100,1452.023147,0.0
-100.0,100,1452.767443,0.0
-100.0,100,1453.430284,0.0
-91.0,100,1454.106691,0.0
-100.0,100,1454.787062,0.0
-100.0,100,1456.924187,0.0
-100.0,100,1457.615502,0.0
-100.0,100,1458.299603,0.0
-100.0,100,1459.053682,0.0
-17.0,100,1459.729393,1.0
-100.0,100,1460.455784,0.0
-10.0,100,1461.21472,1.0
-100.0,100,1461.919984,0.0
-100.0,100,1462.623707,0.0
-100.0,100,1463.416817,0.0
-100.0,100,1464.204923,0.0
-12.0,100,1464.936448,1.0
-100.0,100,1465.597069,0.0
-14.0,100,1466.284142,1.0
-100.0,100,1467.016354,0.0
-100.0,100,1467.768875,0.0
-100.0,100,1468.441379,0.0
-100.0,100,1469.17015,0.0
-100.0,100,1469.839582,0.0
-100.0,100,1470.51339,0.0
-100.0,100,1471.291024,0.0
-32.0,100,1471.996132,1.0
-100.0,100,1472.743854,0.0
-100.0,100,1473.481525,0.0
-5.0,100,1474.227282,1.0
-100.0,100,1474.920244,0.0
-6.0,100,1475.619123,1.0
-100.0,100,1476.285115,0.0
-100.0,100,1476.956615,0.0
-96.0,100,1477.627808,0.0
-100.0,100,1478.285661,0.0
-100.0,100,1478.951008,0.0
-100.0,100,1479.597315,0.0
-66.0,100,1480.262358,1.0
-100.0,100,1480.916875,0.0
-100.0,100,1481.569294,0.0
-100.0,100,1482.2511,0.0
-100.0,100,1482.91699,0.0
-100.0,100,1483.590069,0.0
-100.0,100,1484.256382,0.0
-100.0,100,1484.939279,0.0
-100.0,100,1485.586786,0.0
-100.0,100,1486.248694,0.0
-100.0,100,1486.921308,0.0
-100.0,100,1487.561961,0.0
-100.0,100,1488.232372,0.0
-100.0,100,1488.925448,0.0
-7.0,100,1489.596843,1.0
-100.0,100,1490.276497,0.0
-100.0,100,1490.924132,0.0
-100.0,100,1491.692524,0.0
-100.0,100,1492.437312,0.0
-100.0,100,1493.182468,0.0
-100.0,100,1493.929468,0.0
-100.0,100,1494.604793,0.0
-100.0,100,1495.304822,0.0
-100.0,100,1495.934844,0.0
-100.0,100,1496.902806,0.0
-100.0,100,1497.614653,0.0
-100.0,100,1498.287383,0.0
-100.0,100,1498.966117,0.0
-100.0,100,1499.687861,0.0
-100.0,100,1500.364916,0.0
-62.0,100,1501.03776,0.0
-100.0,100,1501.700992,0.0
-100.0,100,1502.374423,0.0
-100.0,100,1503.066216,0.0
-100.0,100,1503.787862,0.0
0.0,100,1504.497752,1.0
-100.0,100,1505.191016,0.0
-100.0,100,1505.859918,0.0
-84.0,100,1506.539604,0.0
-100.0,100,1507.2059,0.0
-100.0,100,1507.859947,0.0
-100.0,100,1508.53826,0.0
-100.0,100,1509.216259,0.0
-100.0,100,1509.929238,0.0
-100.0,100,1510.626834,0.0
-27.0,100,1511.352394,1.0
-100.0,100,1512.041521,0.0
-45.0,100,1512.777822,0.0
-100.0,100,1513.476874,0.0
-100.0,100,1514.154166,0.0
-16.0,100,1514.866015,1.0
-100.0,100,1515.591645,0.0
-100.0,100,1516.340622,0.0
-100.0,100,1517.006058,0.0
-100.0,100,1517.770854,0.0
-6.0,100,1518.49641,1.0
-14.0,100,1519.228003,1.0
-100.0,100,1519.981886,0.0
-99.0,100,1520.722638,0.0
-100.0,100,1521.422979,0.0
-100.0,100,1522.134908,0.0
-100.0,100,1522.866707,0.0
-14.0,100,1523.587479,1.0
-100.0,100,1524.306195,0.0
-69.0,100,1525.031767,0.0
-100.0,100,1525.7289,0.0
-100.0,100,1526.414916,0.0
-100.0,100,1528.521615,0.0
-1.0,100,1529.197766,1.0
-100.0,100,1529.928918,0.0
0.0,100,1530.642263,1.0
-100.0,100,1531.316017,0.0
-100.0,100,1531.986873,0.0
-57.0,100,1532.701504,1.0
-23.0,100,1533.409006,1.0
-100.0,100,1534.126934,0.0
-100.0,100,1534.815325,0.0
-100.0,100,1535.473867,0.0
-100.0,100,1536.122407,0.0
-100.0,100,1536.800526,0.0
-4.0,100,1537.458955,1.0
-100.0,100,1538.115421,0.0
-100.0,100,1538.795079,0.0
-2.0,100,1539.475992,1.0
-100.0,100,1540.213161,0.0
-100.0,100,1540.901983,0.0
-100.0,100,1541.544059,0.0
-55.0,100,1542.19789,1.0
-100.0,100,1542.852649,0.0
-100.0,100,1543.53005,0.0
-100.0,100,1544.211276,0.0
-100.0,100,1544.863313,0.0
-15.0,100,1545.549777,1.0
-100.0,100,1546.234446,0.0
-100.0,100,1546.889246,0.0
-26.0,100,1547.562578,1.0
-6.0,100,1548.211185,1.0
-19.0,100,1548.901767,1.0
-100.0,100,1549.565421,0.0
-100.0,100,1550.233601,0.0
-100.0,100,1550.906044,0.0
-100.0,100,1551.600855,0.0
-100.0,100,1552.242306,0.0
-48.0,100,1552.879905,0.0
-11.0,100,1553.541202,1.0
-2.0,100,1554.196572,1.0
-100.0,100,1554.881369,0.0
-100.0,100,1555.534428,0.0
-69.0,100,1556.21767,0.0
-100.0,100,1556.894871,0.0
-100.0,100,1557.574379,0.0
-100.0,100,1558.250005,0.0
-100.0,100,1558.904487,0.0
-100.0,100,1559.55244,0.0
-96.0,100,1560.226958,1.0
-71.0,100,1560.896955,1.0
-100.0,100,1561.554819,0.0
-100.0,100,1562.23127,0.0
-100.0,100,1562.880398,0.0
-100.0,100,1563.548291,0.0
-100.0,100,1564.210968,0.0
-100.0,100,1564.88008,0.0
-100.0,100,1565.54056,0.0
-100.0,100,1566.20494,0.0
-100.0,100,1566.868598,0.0
-100.0,100,1567.510254,0.0
-100.0,100,1568.1595,0.0
-12.0,100,1568.800654,1.0
-100.0,100,1569.462512,0.0
-100.0,100,1570.118633,0.0
-100.0,100,1570.777569,0.0
-100.0,100,1571.424696,0.0
-3.0,100,1572.085435,1.0
-100.0,100,1572.722453,0.0
-86.0,100,1573.363892,0.0
-100.0,100,1574.03047,0.0
-90.0,100,1574.710564,1.0
-100.0,100,1575.350531,0.0
-100.0,100,1576.020974,0.0
-14.0,100,1576.666308,1.0
-100.0,100,1577.314252,0.0
-8.0,100,1577.95835,1.0
-100.0,100,1578.606027,0.0
-100.0,100,1579.268437,0.0
-100.0,100,1579.929549,0.0
-30.0,100,1580.582546,1.0
-100.0,100,1581.254411,0.0
-57.0,100,1581.910651,1.0
-100.0,100,1582.568356,0.0
-100.0,100,1583.233091,0.0
-16.0,100,1583.883225,1.0
-100.0,100,1584.609613,0.0
-40.0,100,1585.259536,1.0
-100.0,100,1585.932452,0.0
-100.0,100,1586.589306,0.0
-100.0,100,1587.257132,0.0
-100.0,100,1587.912083,0.0
-100.0,100,1588.582359,0.0
-100.0,100,1589.245873,0.0
-100.0,100,1589.91046,0.0
-100.0,100,1590.574055,0.0
-100.0,100,1591.227787,0.0
-100.0,100,1591.890667,0.0
-100.0,100,1592.536533,0.0
-100.0,100,1593.188821,0.0
-100.0,100,1593.846364,0.0
-100.0,100,1594.514832,0.0
-100.0,100,1596.451318,0.0
-100.0,100,1597.110814,0.0
-100.0,100,1597.771188,0.0
-100.0,100,1598.423501,0.0
-100.0,100,1599.063034,0.0
-100.0,100,1599.725521,0.0
-100.0,100,1600.361369,0.0
-100.0,100,1601.020059,0.0
-100.0,100,1601.692538,0.0
-11.0,100,1602.354147,1.0
-100.0,100,1603.020379,0.0
-100.0,100,1603.695094,0.0
-100.0,100,1604.362414,0.0
-100.0,100,1605.022626,0.0
-100.0,100,1605.67359,0.0
-14.0,100,1606.321855,1.0
-100.0,100,1606.97711,0.0
-100.0,100,1607.634938,0.0
-100.0,100,1608.290905,0.0
-5.0,100,1608.947238,1.0
-100.0,100,1609.620434,0.0
-100.0,100,1610.303049,0.0
-100.0,100,1610.96867,0.0
-100.0,100,1611.644442,0.0
-100.0,100,1612.308646,0.0
-19.0,100,1612.968616,1.0
-100.0,100,1613.628072,0.0
-100.0,100,1614.292504,0.0
-32.0,100,1614.952302,1.0
-96.0,100,1615.630597,0.0
-100.0,100,1616.289259,0.0
-100.0,100,1616.953669,0.0
-100.0,100,1617.591192,0.0
-30.0,100,1618.247574,1.0
-100.0,100,1618.903106,0.0
-4.0,100,1619.562019,1.0
-100.0,100,1620.220115,0.0
-100.0,100,1620.884259,0.0
-100.0,100,1621.54955,0.0
-100.0,100,1622.208931,0.0
-100.0,100,1622.884583,0.0
-30.0,100,1623.549577,0.0
-13.0,100,1624.207749,1.0
-100.0,100,1624.866916,0.0
-100.0,100,1625.529872,0.0
-100.0,100,1626.189727,0.0
-100.0,100,1626.861461,0.0
-35.0,100,1627.524422,0.0
-100.0,100,1628.187898,0.0
0.0,100,1628.849806,1.0
-100.0,100,1629.534294,0.0
-100.0,100,1630.199316,0.0
-100.0,100,1630.864185,0.0
-100.0,100,1631.499847,0.0
-100.0,100,1632.167981,0.0
-100.0,100,1632.843193,0.0
-100.0,100,1633.503244,0.0
-100.0,100,1634.169955,0.0
-100.0,100,1634.808737,0.0
-8.0,100,1635.482084,1.0
-100.0,100,1636.143681,0.0
-4.0,100,1636.81566,1.0
-100.0,100,1637.481155,0.0
-100.0,100,1638.166683,0.0
-100.0,100,1638.830092,0.0
-93.0,100,1639.493115,0.0
-100.0,100,1640.165868,0.0
-1.0,100,1640.847798,1.0
-100.0,100,1641.523597,0.0
-100.0,100,1642.186339,0.0
-100.0,100,1642.857918,0.0
-100.0,100,1643.513583,0.0
-100.0,100,1644.178152,0.0
-16.0,100,1644.837353,1.0
-100.0,100,1645.514641,0.0
-14.0,100,1646.180899,1.0
-6.0,100,1646.849175,1.0
-56.0,100,1647.517363,1.0
-100.0,100,1648.182126,0.0
-18.0,100,1648.854139,1.0
-100.0,100,1649.532452,0.0
-100.0,100,1650.203613,0.0
-98.0,100,1650.870723,0.0
-100.0,100,1651.528314,0.0
-100.0,100,1652.182556,0.0
-5.0,100,1652.857554,1.0
-100.0,100,1653.516898,0.0
-100.0,100,1654.175306,0.0
-73.0,100,1654.826765,1.0
-100.0,100,1655.496309,0.0
-1.0,100,1656.160083,1.0
-100.0,100,1656.821579,0.0
-100.0,100,1657.464635,0.0
-100.0,100,1658.107882,0.0
-100.0,100,1658.766613,0.0
-100.0,100,1659.430435,0.0
-100.0,100,1660.096499,0.0
0.0,100,1660.763568,1.0
-4.0,100,1661.43672,1.0
-100.0,100,1662.103758,0.0
-2.0,100,1664.133049,1.0
-100.0,100,1664.798017,0.0
-100.0,100,1665.466482,0.0
-5.0,100,1666.113463,1.0
-100.0,100,1666.75837,0.0
-100.0,100,1667.413506,0.0
-100.0,100,1668.043526,0.0
-8.0,100,1668.693045,1.0
-100.0,100,1669.347981,0.0
-100.0,100,1670.01675,0.0
-100.0,100,1670.679148,0.0
-100.0,100,1671.346078,0.0
-100.0,100,1671.99701,0.0
-100.0,100,1672.660991,0.0
-100.0,100,1673.309628,0.0
-13.0,100,1673.955343,0.0
-100.0,100,1674.626256,0.0
-100.0,100,1675.276282,0.0
-100.0,100,1675.930836,0.0
-60.0,100,1676.594825,1.0
-11.0,100,1677.266396,1.0
-98.0,100,1677.919401,0.0
-100.0,100,1678.578801,0.0
-100.0,100,1679.251803,0.0
-100.0,100,1679.90802,0.0
-100.0,100,1680.629252,0.0
-100.0,100,1681.371305,0.0
-48.0,100,1682.142705,1.0
-100.0,100,1682.913927,0.0
0.0,100,1683.605487,1.0
-100.0,100,1684.273373,0.0
-29.0,100,1684.926224,1.0
-100.0,100,1685.574346,0.0
-100.0,100,1686.22134,0.0
-100.0,100,1686.853734,0.0
-100.0,100,1687.510169,0.0
-100.0,100,1688.158796,0.0
-75.0,100,1688.777507,0.0
-100.0,100,1689.423188,0.0
-100.0,100,1690.082375,0.0
-1.0,100,1690.735772,1.0
-100.0,100,1691.455353,0.0
-100.0,100,1692.231347,0.0
-88.0,100,1692.992595,1.0
-100.0,100,1693.740437,0.0
-2.0,100,1694.492559,1.0
-100.0,100,1695.167625,0.0
-100.0,100,1695.830349,0.0
-53.0,100,1696.487754,1.0
-100.0,100,1697.175695,0.0
-100.0,100,1697.845836,0.0
-100.0,100,1698.6279,0.0
-100.0,100,1699.625083,0.0
-100.0,100,1700.427002,0.0
-100.0,100,1701.225152,0.0
-100.0,100,1702.323053,0.0
-89.0,100,1703.121619,0.0
-100.0,100,1703.884574,0.0
-100.0,100,1704.656158,0.0
-100.0,100,1705.33175,0.0
-100.0,100,1706.039193,0.0
-100.0,100,1706.714403,0.0
-100.0,100,1707.413373,0.0
-100.0,100,1708.07563,0.0
-100.0,100,1708.758791,0.0
-99.0,100,1709.529922,1.0
-100.0,100,1710.235439,0.0
-100.0,100,1710.951833,0.0
-100.0,100,1711.606766,0.0
-100.0,100,1712.276149,0.0
-100.0,100,1712.940845,0.0
-100.0,100,1713.582726,0.0
-100.0,100,1714.259255,0.0
-100.0,100,1714.927387,0.0
-28.0,100,1715.585473,1.0
-100.0,100,1716.258471,0.0
-100.0,100,1716.914298,0.0
-100.0,100,1717.569545,0.0
-100.0,100,1718.195127,0.0
-100.0,100,1718.935596,0.0
-100.0,100,1719.718421,0.0
-100.0,100,1720.472517,0.0
-58.0,100,1721.23476,0.0
-100.0,100,1721.907155,0.0
-100.0,100,1722.572731,0.0
-100.0,100,1723.217874,0.0
-100.0,100,1723.901039,0.0
-100.0,100,1724.55893,0.0
-100.0,100,1725.223142,0.0
-100.0,100,1725.888822,0.0
-100.0,100,1726.558128,0.0
-95.0,100,1727.235625,0.0
-100.0,100,1727.89266,0.0
-100.0,100,1728.5785,0.0
-100.0,100,1729.237744,0.0
-100.0,100,1729.892236,0.0
-100.0,100,1730.550093,0.0
0.0,100,1731.224087,1.0
-100.0,100,1731.859277,0.0
-100.0,100,1732.541133,0.0
-100.0,100,1734.532387,0.0
-100.0,100,1735.18453,0.0
-100.0,100,1735.876443,0.0
-100.0,100,1736.536767,0.0
-100.0,100,1737.178041,0.0
-100.0,100,1737.907728,0.0
-17.0,100,1738.588017,1.0
-100.0,100,1739.23644,0.0
-100.0,100,1739.894444,0.0
